;date;open;open-2;high;high-2;low;low-2;close;close-2
0;2014-09-19;7.7891;;7.848669999999999;;7.602939999999999;;7.6178300000000005;
1;2014-09-22;7.43911;;7.543360000000001;;7.394430000000001;;7.543360000000001;
2;2014-09-23;7.4912399999999995;7.7891;7.62528;7.848669999999999;7.386989999999999;7.602939999999999;7.446560000000001;7.6178300000000005
3;2014-09-24;7.40188;7.43911;7.5284699999999996;7.543360000000001;7.34231;7.394430000000001;7.4912399999999995;7.543360000000001
4;2014-09-25;7.42422;7.4912399999999995;7.4689;7.62528;7.275289999999999;7.386989999999999;7.275289999999999;7.446560000000001
5;2014-09-26;7.297630000000001;7.40188;7.6178300000000005;7.5284699999999996;7.26784;7.34231;7.543360000000001;7.4912399999999995
6;2014-09-29;6.98487;7.42422;7.23061;7.4689;6.9699800000000005;7.275289999999999;7.04444;7.275289999999999
7;2014-09-30;6.99977;7.297630000000001;7.037;7.6178300000000005;6.7316899999999995;7.26784;6.90296;7.543360000000001
8;2014-10-01;6.80615;6.98487;6.8284899999999995;7.23061;6.6051;6.9699800000000005;6.69446;7.04444
9;2014-10-02;6.7316899999999995;6.99977;6.98487;7.037;6.67956;6.7316899999999995;6.86573;6.90296
10;2014-10-03;6.91785;6.80615;7.051889999999999;6.8284899999999995;6.86573;6.6051;7.014660000000001;6.69446
11;2014-10-06;7.80399;6.7316899999999995;7.95292;6.98487;7.43911;6.67956;7.4763399999999995;6.86573
12;2014-10-07;7.602939999999999;6.91785;7.6699600000000006;7.051889999999999;7.4316699999999996;6.86573;7.49868;7.014660000000001
13;2014-10-08;7.62528;7.80399;7.62528;7.95292;7.238060000000001;7.43911;7.409330000000001;7.4763399999999995
14;2014-10-09;7.52102;7.602939999999999;7.59549;7.6699600000000006;7.43911;7.4316699999999996;7.45401;7.49868
15;2014-10-10;7.163589999999999;7.62528;7.163589999999999;7.62528;7.163589999999999;7.238060000000001;7.163589999999999;7.409330000000001
16;2014-10-13;7.45401;7.52102;7.80399;7.59549;7.3795399999999995;7.43911;7.63272;7.45401
17;2014-10-14;7.59549;7.163589999999999;7.85612;7.163589999999999;7.543360000000001;7.163589999999999;7.7369699999999995;7.163589999999999
18;2014-10-15;7.52102;7.45401;7.5657;7.80399;7.15614;7.3795399999999995;7.446560000000001;7.63272
19;2014-10-16;7.1487;7.59549;7.394430000000001;7.85612;7.1189100000000005;7.543360000000001;7.17848;7.7369699999999995
20;2014-10-17;7.334860000000001;7.52102;7.46145;7.5657;7.2455;7.15614;7.409330000000001;7.446560000000001
21;2014-10-20;7.260389999999999;7.1487;7.260389999999999;7.394430000000001;7.260389999999999;7.1189100000000005;7.260389999999999;7.17848
22;2014-10-21;6.8136;7.334860000000001;6.8136;7.46145;6.8136;7.2455;6.8136;7.409330000000001
23;2014-10-22;6.77637;7.260389999999999;6.940189999999999;7.260389999999999;6.724239999999999;7.260389999999999;6.77637;7.260389999999999
24;2014-10-23;6.66467;6.8136;6.746580000000001;6.8136;6.43383;6.8136;6.47851;6.8136
25;2014-10-24;6.552969999999999;6.77637;6.940189999999999;6.940189999999999;6.456169999999999;6.724239999999999;6.67212;6.77637
26;2014-10-27;6.5678600000000005;6.66467;6.5678600000000005;6.746580000000001;6.5678600000000005;6.43383;6.5678600000000005;6.47851
27;2014-10-28;6.69446;6.552969999999999;6.858280000000001;6.940189999999999;6.63488;6.456169999999999;6.82105;6.67212
28;2014-10-29;6.7838199999999995;6.5678600000000005;6.88807;6.5678600000000005;6.58276;6.5678600000000005;6.612539999999999;6.5678600000000005
29;2014-10-30;6.79126;6.69446;7.126360000000001;6.858280000000001;6.75403;6.63488;7.1189100000000005;6.82105
30;2014-10-31;7.17104;6.7838199999999995;7.36465;6.88807;7.1338;6.58276;7.36465;6.612539999999999
31;2014-11-03;7.31252;6.79126;7.40188;7.126360000000001;7.163589999999999;6.75403;7.32741;7.1189100000000005
32;2014-11-04;7.558260000000001;7.17104;7.5880399999999995;7.36465;7.3572;7.1338;7.46145;7.36465
33;2014-11-05;7.42422;7.31252;7.543360000000001;7.40188;7.3572;7.163589999999999;7.41677;7.32741
34;2014-11-06;7.334860000000001;7.558260000000001;7.3572;7.5880399999999995;7.1189100000000005;7.3572;7.14125;7.46145
35;2014-11-07;7.14125;7.42422;7.31252;7.543360000000001;7.0667800000000005;7.3572;7.260389999999999;7.41677
36;2014-11-10;7.3572;7.334860000000001;7.43911;7.3572;7.238060000000001;7.1189100000000005;7.260389999999999;7.14125
37;2014-11-11;7.23061;7.14125;7.3572;7.31252;7.1487;7.0667800000000005;7.223160000000001;7.260389999999999
38;2014-11-12;7.223160000000001;7.3572;7.45401;7.43911;7.163589999999999;7.238060000000001;7.297630000000001;7.260389999999999
39;2014-11-13;7.32741;7.23061;7.386989999999999;7.3572;7.02955;7.1487;7.037;7.223160000000001
40;2014-11-14;6.992319999999999;7.223160000000001;7.126360000000001;7.45401;6.87317;7.163589999999999;7.111460000000001;7.297630000000001
41;2014-11-17;7.104019999999999;7.32741;7.15614;7.386989999999999;6.96253;7.02955;7.037;7.037
42;2014-11-18;7.05934;6.992319999999999;7.30507;7.126360000000001;6.97743;6.87317;7.238060000000001;7.111460000000001
43;2014-11-19;7.275289999999999;7.104019999999999;7.59549;7.15614;7.21572;6.96253;7.52102;7.037
44;2014-11-21;7.543360000000001;7.05934;7.9976;7.30507;7.543360000000001;6.97743;7.960369999999999;7.238060000000001
45;2014-11-24;8.09441;7.275289999999999;8.19121;7.59549;7.74442;7.21572;7.80399;7.52102
46;2014-11-25;7.885910000000001;7.543360000000001;8.00505;7.9976;7.774210000000001;7.543360000000001;7.95292;7.960369999999999
47;2014-11-26;8.027389999999999;8.09441;8.034839999999999;8.19121;7.79655;7.74442;7.83378;7.80399
48;2014-11-27;7.848669999999999;7.885910000000001;7.9752600000000005;8.00505;7.7146300000000005;7.774210000000001;7.774210000000001;7.95292
49;2014-11-28;7.79655;8.027389999999999;7.885910000000001;8.034839999999999;7.7295300000000005;7.79655;7.81889;7.83378
50;2014-12-01;7.63272;7.848669999999999;7.64762;7.9752600000000005;7.31997;7.7146300000000005;7.40188;7.774210000000001
51;2014-12-02;7.55081;7.79655;7.558260000000001;7.885910000000001;7.23061;7.7295300000000005;7.394430000000001;7.81889
52;2014-12-03;7.394430000000001;7.63272;7.49868;7.64762;7.32741;7.31997;7.46145;7.40188
53;2014-12-04;7.51358;7.55081;7.53592;7.558260000000001;7.200819999999999;7.23061;7.297630000000001;7.394430000000001
54;2014-12-05;7.31997;7.394430000000001;7.4763399999999995;7.49868;7.25295;7.32741;7.45401;7.46145
55;2014-12-08;7.446560000000001;7.51358;7.49868;7.53592;7.09657;7.200819999999999;7.17104;7.297630000000001
56;2014-12-09;7.07423;7.31997;7.28273;7.4763399999999995;7.07423;7.25295;7.238060000000001;7.45401
57;2014-12-10;7.19338;7.446560000000001;7.297630000000001;7.49868;7.05934;7.09657;7.104019999999999;7.17104
58;2014-12-11;7.18593;7.07423;7.223160000000001;7.28273;7.014660000000001;7.07423;7.19338;7.238060000000001
59;2014-12-12;7.1189100000000005;7.19338;7.19338;7.297630000000001;6.8136;7.05934;6.8136;7.104019999999999
60;2014-12-15;6.858280000000001;7.18593;6.91785;7.223160000000001;6.5231900000000005;7.014660000000001;6.67212;7.19338
61;2014-12-16;6.552969999999999;7.1189100000000005;6.798710000000001;7.19338;6.47851;6.8136;6.66467;6.8136
62;2014-12-17;6.77637;6.858280000000001;7.20827;6.91785;6.746580000000001;6.5231900000000005;7.04444;6.67212
63;2014-12-18;7.111460000000001;6.552969999999999;7.2455;6.798710000000001;6.9699800000000005;6.47851;6.99977;6.66467
64;2014-12-19;7.104019999999999;6.77637;7.17104;7.20827;7.014660000000001;6.746580000000001;7.14125;7.04444
65;2014-12-22;7.1189100000000005;7.111460000000001;7.200819999999999;7.2455;6.99977;6.9699800000000005;7.163589999999999;6.99977
66;2014-12-23;7.163589999999999;7.104019999999999;7.223160000000001;7.17104;7.04444;7.014660000000001;7.17104;7.14125
67;2014-12-26;7.111460000000001;7.1189100000000005;7.19338;7.200819999999999;7.04444;6.99977;7.05934;7.163589999999999
68;2014-12-29;7.07423;7.163589999999999;7.1338;7.223160000000001;7.0221;7.04444;7.08168;7.17104
69;2014-12-30;7.111460000000001;7.111460000000001;7.126360000000001;7.19338;6.992319999999999;7.04444;6.992319999999999;7.05934
70;2015-01-02;6.9699800000000005;7.07423;7.037;7.1338;6.79126;7.0221;6.8284899999999995;7.08168
71;2015-01-05;6.724239999999999;7.111460000000001;6.955089999999999;7.126360000000001;6.687010000000001;6.992319999999999;6.85083;6.992319999999999
72;2015-01-06;6.86573;6.9699800000000005;6.9253;7.037;6.76892;6.79126;6.90296;6.8284899999999995
73;2015-01-07;7.037;6.724239999999999;7.26784;6.955089999999999;7.0221;6.687010000000001;7.163589999999999;6.85083
74;2015-01-08;7.223160000000001;6.86573;7.28273;6.9253;7.051889999999999;6.76892;7.238060000000001;6.90296
75;2015-01-09;7.163589999999999;7.037;7.20827;7.26784;6.940189999999999;7.0221;6.98487;7.163589999999999
76;2015-01-12;6.9253;7.223160000000001;7.014660000000001;7.28273;6.80615;7.051889999999999;6.86573;7.238060000000001
77;2015-01-13;6.910410000000001;7.163589999999999;7.0667800000000005;7.20827;6.8806199999999995;6.940189999999999;6.88807;6.98487
78;2015-01-14;6.798710000000001;6.9253;7.051889999999999;7.014660000000001;6.798710000000001;6.80615;6.9253;6.86573
79;2015-01-15;6.9699800000000005;6.910410000000001;7.17848;7.0667800000000005;6.910410000000001;6.8806199999999995;6.910410000000001;6.88807
80;2015-01-16;6.955089999999999;6.798710000000001;7.089119999999999;7.051889999999999;6.895510000000001;6.798710000000001;7.037;6.9253
81;2015-01-19;7.007210000000001;6.9699800000000005;7.07423;7.17848;6.7168;6.910410000000001;6.7168;6.910410000000001
82;2015-01-20;6.8284899999999995;6.955089999999999;6.94764;7.089119999999999;6.761480000000001;6.895510000000001;6.85083;7.037
83;2015-01-21;6.895510000000001;7.007210000000001;7.17848;7.07423;6.8806199999999995;6.7168;7.126360000000001;6.7168
84;2015-01-22;7.19338;6.8284899999999995;7.297630000000001;6.94764;7.1338;6.761480000000001;7.200819999999999;6.85083
85;2015-01-23;7.19338;6.895510000000001;7.297630000000001;7.17848;7.037;6.8806199999999995;7.1487;7.126360000000001
86;2015-01-26;7.07423;7.19338;7.20827;7.297630000000001;7.02955;7.1338;7.14125;7.200819999999999
87;2015-01-27;7.07423;7.19338;7.21572;7.297630000000001;6.99977;7.037;7.14125;7.1487
88;2015-01-28;7.0667800000000005;7.07423;7.18593;7.20827;6.992319999999999;7.02955;6.992319999999999;7.14125
89;2015-01-29;7.014660000000001;7.07423;7.111460000000001;7.21572;6.895510000000001;6.99977;6.94764;7.14125
90;2015-01-30;6.85083;7.0667800000000005;6.90296;7.18593;6.79126;6.992319999999999;6.80615;6.992319999999999
91;2015-02-02;6.86573;7.014660000000001;6.97743;7.111460000000001;6.80615;6.895510000000001;6.87317;6.94764
92;2015-02-03;7.1338;6.85083;7.17104;6.90296;7.0221;6.79126;7.09657;6.80615
93;2015-02-04;7.1189100000000005;6.86573;7.49868;6.97743;7.089119999999999;6.80615;7.3572;6.87317
94;2015-02-05;7.334860000000001;7.1338;7.4912399999999995;7.17104;7.28273;7.0221;7.3572;7.09657
95;2015-02-06;7.334860000000001;7.1189100000000005;7.446560000000001;7.49868;7.23061;7.089119999999999;7.446560000000001;7.3572
96;2015-02-09;7.409330000000001;7.334860000000001;7.46145;7.4912399999999995;7.372089999999999;7.28273;7.394430000000001;7.3572
97;2015-02-10;7.394430000000001;7.334860000000001;7.45401;7.446560000000001;7.297630000000001;7.23061;7.297630000000001;7.446560000000001
98;2015-02-11;7.15028;7.409330000000001;7.1876;7.46145;6.87412;7.372089999999999;7.01593;7.394430000000001
99;2015-02-12;7.0831100000000005;7.394430000000001;7.20253;7.45401;7.06072;7.297630000000001;7.1055;7.297630000000001
100;2015-02-13;7.195060000000001;7.15028;7.38912;7.1876;7.18014;6.87412;7.3518;7.01593
101;2015-02-18;7.47122;7.0831100000000005;7.5831800000000005;7.20253;7.39659;7.06072;7.463760000000001;7.1055
102;2015-02-19;7.433910000000001;7.195060000000001;7.530930000000001;7.38912;7.381660000000001;7.18014;7.44883;7.3518
103;2015-02-20;7.48615;7.47122;7.50108;7.5831800000000005;7.3592699999999995;7.39659;7.463760000000001;7.463760000000001
104;2015-02-23;7.38912;7.433910000000001;7.59811;7.530930000000001;7.3742;7.381660000000001;7.5160100000000005;7.44883
105;2015-02-24;7.560789999999999;7.48615;7.6205;7.50108;7.44137;7.3592699999999995;7.5831800000000005;7.463760000000001
106;2015-02-25;7.44883;7.38912;7.61304;7.59811;7.44883;7.3742;7.61304;7.5160100000000005
107;2015-02-26;7.6205;7.560789999999999;7.65782;7.6205;7.5384;7.44137;7.65782;7.5831800000000005
108;2015-02-27;7.65782;7.44883;7.80709;7.61304;7.49362;7.44883;7.530930000000001;7.61304
109;2015-03-02;7.508539999999999;7.6205;7.5831800000000005;7.65782;7.41898;7.5384;7.4563;7.65782
110;2015-03-03;7.49362;7.65782;7.5160100000000005;7.80709;7.411510000000001;7.49362;7.47122;7.530930000000001
111;2015-03-04;7.38912;7.508539999999999;7.44137;7.5831800000000005;7.32195;7.41898;7.411510000000001;7.4563
112;2015-03-05;7.4264399999999995;7.49362;7.463760000000001;7.5160100000000005;7.292089999999999;7.411510000000001;7.381660000000001;7.47122
113;2015-03-06;7.3518;7.38912;7.433910000000001;7.44137;7.1428199999999995;7.32195;7.22492;7.411510000000001
114;2015-03-09;7.15028;7.4264399999999995;7.18014;7.463760000000001;6.95622;7.292089999999999;7.03833;7.381660000000001
115;2015-03-10;6.948760000000001;7.3518;7.05325;7.433910000000001;6.8368;7.1428199999999995;6.86666;7.22492
116;2015-03-11;6.96369;7.15028;7.15775;7.18014;6.88905;6.95622;7.098039999999999;7.03833
117;2015-03-12;7.23238;6.948760000000001;7.23985;7.05325;7.06818;6.8368;7.12789;6.86666
118;2015-03-13;6.948760000000001;6.96369;7.11296;7.15775;6.948760000000001;6.88905;7.075639999999999;7.098039999999999
119;2015-03-16;7.15775;7.23238;7.17267;7.23985;7.0308600000000006;7.06818;7.098039999999999;7.12789
120;2015-03-17;7.11296;6.948760000000001;7.314489999999999;7.11296;7.098039999999999;6.948760000000001;7.2697;7.075639999999999
121;2015-03-18;7.23238;7.15775;7.57572;7.17267;7.2099899999999995;7.0308600000000006;7.55333;7.098039999999999
122;2015-03-19;7.54586;7.11296;7.560789999999999;7.314489999999999;7.411510000000001;7.098039999999999;7.560789999999999;7.2697
123;2015-03-20;7.61304;7.23238;7.71753;7.57572;7.530930000000001;7.2099899999999995;7.530930000000001;7.55333
124;2015-03-23;7.5384;7.54586;7.59811;7.560789999999999;7.4563;7.411510000000001;7.52347;7.560789999999999
125;2015-03-24;7.54586;7.61304;7.605569999999999;7.71753;7.4264399999999995;7.530930000000001;7.508539999999999;7.530930000000001
126;2015-03-25;7.5831800000000005;7.5384;7.71753;7.59811;7.478689999999999;7.4563;7.560789999999999;7.52347
127;2015-03-26;7.47122;7.54586;7.49362;7.605569999999999;7.314489999999999;7.4264399999999995;7.344339999999999;7.508539999999999
128;2015-03-27;7.30702;7.5831800000000005;7.3518;7.71753;7.15775;7.478689999999999;7.20253;7.560789999999999
129;2015-03-30;7.23985;7.47122;7.47122;7.49362;7.2099899999999995;7.314489999999999;7.4264399999999995;7.344339999999999
130;2015-03-31;7.336880000000001;7.30702;7.54586;7.3518;7.30702;7.15775;7.44883;7.20253
131;2015-04-01;7.59064;7.23985;7.76231;7.47122;7.5384;7.2099899999999995;7.71006;7.4264399999999995
132;2015-04-02;7.82948;7.336880000000001;7.93398;7.54586;7.79217;7.30702;7.844410000000001;7.44883
133;2015-04-06;7.9713;7.59064;8.03101;7.76231;7.85188;7.5384;7.986219999999999;7.71006
134;2015-04-07;7.986219999999999;7.82948;8.07579;7.93398;7.8593399999999995;7.79217;7.9713;7.844410000000001
135;2015-04-08;8.06086;7.9713;8.11311;8.03101;7.896660000000001;7.85188;7.95637;7.986219999999999
136;2015-04-09;7.8593399999999995;7.986219999999999;7.87427;8.07579;7.7026;7.8593399999999995;7.80709;7.9713
137;2015-04-10;7.769769999999999;8.06086;7.97876;8.11311;7.695139999999999;7.896660000000001;7.8593399999999995;7.95637
138;2015-04-13;7.8668;7.8593399999999995;7.963830000000001;7.87427;7.80709;7.7026;7.85188;7.80709
139;2015-04-14;7.92651;7.769769999999999;7.92651;7.97876;7.747380000000001;7.695139999999999;7.81456;7.8593399999999995
140;2015-04-15;7.7996300000000005;7.8668;7.9713;7.963830000000001;7.79217;7.80709;7.93398;7.85188
141;2015-04-16;7.88173;7.92651;7.93398;7.92651;7.7847;7.747380000000001;7.896660000000001;7.81456
142;2015-04-17;7.8593399999999995;7.7996300000000005;7.889189999999999;7.9713;7.79217;7.79217;7.80709;7.93398
143;2015-04-20;7.844410000000001;7.88173;7.8593399999999995;7.93398;7.695139999999999;7.7847;7.724989999999999;7.896660000000001
144;2015-04-22;7.76231;7.8593399999999995;7.8593399999999995;7.889189999999999;7.7324600000000006;7.79217;7.7847;7.80709
145;2015-04-23;7.747380000000001;7.844410000000001;7.896660000000001;7.8593399999999995;7.71753;7.695139999999999;7.87427;7.724989999999999
146;2015-04-24;7.9115899999999995;7.76231;8.15043;7.8593399999999995;7.8668;7.7324600000000006;8.1355;7.7847
147;2015-04-27;8.098180000000001;7.747380000000001;8.210139999999999;7.896660000000001;7.986219999999999;7.71753;8.06832;7.87427
148;2015-04-28;8.12803;7.9115899999999995;8.15043;8.15043;7.9713;7.8668;8.01608;8.1355
149;2015-04-29;7.97876;8.098180000000001;7.986219999999999;8.210139999999999;7.87427;7.986219999999999;7.97876;8.06832
150;2015-04-30;7.9713;8.12803;8.03847;8.15043;7.83695;7.9713;7.91905;8.01608
151;2015-05-04;8.03847;7.97876;8.10564;7.986219999999999;7.9713;7.87427;7.993689999999999;7.97876
152;2015-05-05;7.889939999999999;7.9713;8.05414;8.03847;7.81605;7.83695;7.89815;7.91905
153;2015-05-06;7.92278;8.03847;7.988460000000001;8.10564;7.6600600000000005;7.9713;7.81605;7.993689999999999
154;2015-05-07;7.7996300000000005;7.889939999999999;7.88173;8.05414;7.6929;7.81605;7.865310000000001;7.89815
155;2015-05-08;7.92278;7.92278;7.99667;7.988460000000001;7.80784;7.6600600000000005;7.97204;7.81605
156;2015-05-11;7.963830000000001;7.7996300000000005;8.02951;7.88173;7.90636;7.6929;7.99667;7.865310000000001
157;2015-05-12;7.9392;7.92278;8.00488;7.99667;7.89815;7.80784;7.92278;7.97204
158;2015-05-13;7.92278;7.963830000000001;7.95562;8.02951;7.75858;7.90636;7.775;7.99667
159;2015-05-14;7.7996300000000005;7.9392;7.889939999999999;8.00488;7.74216;7.89815;7.84068;7.92278
160;2015-05-15;7.84068;7.92278;7.95562;7.95562;7.775;7.75858;7.92278;7.775
161;2015-05-18;7.97204;7.7996300000000005;7.97204;7.889939999999999;7.70932;7.74216;7.824260000000001;7.84068
162;2015-05-19;7.78321;7.84068;7.81605;7.95562;7.63543;7.775;7.701110000000001;7.92278
163;2015-05-20;7.63543;7.97204;7.71753;7.97204;7.58617;7.70932;7.6272199999999994;7.824260000000001
164;2015-05-21;7.561539999999999;7.78321;7.6108;7.81605;7.47122;7.63543;7.6108;7.701110000000001
165;2015-05-22;7.49585;7.63543;7.577960000000001;7.71753;7.380910000000001;7.58617;7.38912;7.6272199999999994
166;2015-05-25;7.39733;7.561539999999999;7.54512;7.6108;7.364489999999999;7.47122;7.47122;7.6108
167;2015-05-26;7.42196;7.49585;7.47122;7.577960000000001;7.30702;7.380910000000001;7.34807;7.38912
168;2015-05-27;7.38912;7.39733;7.55333;7.54512;7.30702;7.364489999999999;7.5287;7.47122
169;2015-05-28;7.4548;7.42196;7.51227;7.47122;7.39733;7.30702;7.48764;7.34807
170;2015-05-29;7.49585;7.38912;7.49585;7.55333;7.23313;7.30702;7.241339999999999;7.5287
171;2015-06-01;7.265969999999999;7.4548;7.33165;7.51227;7.18387;7.39733;7.23313;7.48764
172;2015-06-02;7.265969999999999;7.49585;7.479430000000001;7.49585;7.265969999999999;7.23313;7.4548;7.241339999999999
173;2015-06-03;7.4548;7.265969999999999;7.4548;7.33165;7.2823899999999995;7.18387;7.2906;7.23313
174;2015-06-05;7.25776;7.265969999999999;7.2988100000000005;7.479430000000001;7.06072;7.265969999999999;7.06072;7.4548
175;2015-06-08;7.10177;7.4548;7.15924;7.4548;7.06072;7.2823899999999995;7.08535;7.2906
176;2015-06-09;7.10177;7.25776;7.23313;7.2988100000000005;7.06072;7.06072;7.10177;7.06072
177;2015-06-10;7.20029;7.10177;7.2906;7.15924;7.118189999999999;7.06072;7.15103;7.08535
178;2015-06-11;7.216710000000001;7.10177;7.216710000000001;7.23313;7.01967;7.06072;7.0443;7.10177
179;2015-06-12;6.978619999999999;7.20029;7.077139999999999;7.2906;6.9622;7.118189999999999;7.027880000000001;7.15103
180;2015-06-15;6.98683;7.216710000000001;7.10998;7.216710000000001;6.921139999999999;7.01967;7.10177;7.0443
181;2015-06-16;7.1264;6.978619999999999;7.364489999999999;7.077139999999999;7.06072;6.9622;7.339860000000001;7.027880000000001
182;2015-06-17;7.30702;6.98683;7.364489999999999;7.10998;7.192080000000001;6.921139999999999;7.22492;7.10177
183;2015-06-18;7.25776;7.1264;7.5287;7.364489999999999;7.192080000000001;7.06072;7.44659;7.339860000000001
184;2015-06-19;7.35628;7.30702;7.43838;7.364489999999999;7.265969999999999;7.192080000000001;7.32344;7.22492
185;2015-06-22;7.3727;7.25776;7.4301699999999995;7.5287;7.315230000000001;7.192080000000001;7.364489999999999;7.44659
186;2015-06-23;7.38912;7.35628;7.463010000000001;7.43838;7.339860000000001;7.265969999999999;7.364489999999999;7.32344
187;2015-06-24;7.3727;7.3727;7.42196;7.4301699999999995;7.30702;7.315230000000001;7.34807;7.364489999999999
188;2015-06-25;7.34807;7.38912;7.3727;7.463010000000001;7.16745;7.339860000000001;7.22492;7.364489999999999
189;2015-06-26;7.24955;7.3727;7.39733;7.42196;7.22492;7.30702;7.380910000000001;7.34807
190;2015-06-29;7.27418;7.34807;7.32344;7.3727;7.175660000000001;7.16745;7.2906;7.22492
191;2015-06-30;7.30702;7.24955;7.380910000000001;7.39733;7.265969999999999;7.22492;7.315230000000001;7.380910000000001
192;2015-07-01;7.3727;7.27418;7.38912;7.32344;7.22492;7.175660000000001;7.2988100000000005;7.2906
193;2015-07-02;7.3727;7.30702;7.44659;7.380910000000001;7.2988100000000005;7.265969999999999;7.42196;7.315230000000001
194;2015-07-03;7.34807;7.3727;7.380910000000001;7.38912;7.25776;7.22492;7.2988100000000005;7.2988100000000005
195;2015-07-06;7.22492;7.3727;7.315230000000001;7.44659;7.1428199999999995;7.2988100000000005;7.23313;7.42196
196;2015-07-07;7.192080000000001;7.34807;7.22492;7.380910000000001;7.093560000000001;7.25776;7.192080000000001;7.2988100000000005
197;2015-07-08;7.175660000000001;7.22492;7.23313;7.315230000000001;7.118189999999999;7.1428199999999995;7.192080000000001;7.23313
198;2015-07-10;7.339860000000001;7.192080000000001;7.41375;7.22492;7.241339999999999;7.093560000000001;7.3727;7.192080000000001
199;2015-07-13;7.4301699999999995;7.175660000000001;7.504060000000001;7.23313;7.35628;7.118189999999999;7.380910000000001;7.192080000000001
200;2015-07-14;7.35628;7.339860000000001;7.43838;7.41375;7.30702;7.241339999999999;7.380910000000001;7.3727
201;2015-07-15;7.380910000000001;7.4301699999999995;7.39733;7.504060000000001;7.2906;7.35628;7.33165;7.380910000000001
202;2015-07-16;7.38912;7.35628;7.4301699999999995;7.43838;7.2823899999999995;7.30702;7.33165;7.380910000000001
203;2015-07-17;7.339860000000001;7.380910000000001;7.38912;7.39733;7.2085;7.2906;7.22492;7.33165
204;2015-07-20;7.23313;7.38912;7.2906;7.4301699999999995;7.15924;7.2823899999999995;7.241339999999999;7.33165
205;2015-07-21;7.25776;7.339860000000001;7.30702;7.38912;7.18387;7.2085;7.23313;7.22492
206;2015-07-22;7.16745;7.23313;7.216710000000001;7.2906;7.08535;7.15924;7.1264;7.241339999999999
207;2015-07-23;7.08535;7.25776;7.1428199999999995;7.30702;6.691260000000001;7.18387;6.756939999999999;7.23313
208;2015-07-24;6.8062;7.16745;6.8062;7.216710000000001;6.48601;7.08535;6.568110000000001;7.1264
209;2015-07-27;6.52706;7.08535;6.62558;7.1428199999999995;6.50243;6.691260000000001;6.568110000000001;6.756939999999999
210;2015-07-28;6.65842;6.8062;6.732310000000001;6.8062;6.43675;6.48601;6.633789999999999;6.568110000000001
211;2015-07-29;6.58453;6.52706;6.8062;6.62558;6.5599;6.50243;6.77336;6.568110000000001
212;2015-07-30;6.78978;6.65842;6.83904;6.732310000000001;6.592739999999999;6.43675;6.68305;6.633789999999999
213;2015-07-31;6.70768;6.58453;6.89651;6.8062;6.67484;6.5599;6.89651;6.77336
214;2015-08-03;6.84725;6.78978;6.93757;6.83904;6.74052;6.592739999999999;6.921139999999999;6.68305
215;2015-08-04;6.87188;6.70768;6.93757;6.89651;6.65021;6.67484;6.732310000000001;6.89651
216;2015-08-05;6.82262;6.84725;6.83904;6.93757;6.67484;6.74052;6.70768;6.921139999999999
217;2015-08-06;6.62558;6.87188;6.732310000000001;6.93757;6.543480000000001;6.65021;6.568110000000001;6.732310000000001
218;2015-08-07;6.568110000000001;6.82262;6.592739999999999;6.83904;6.34644;6.67484;6.3628599999999995;6.70768
219;2015-08-10;6.44496;6.62558;6.50243;6.732310000000001;6.3628599999999995;6.543480000000001;6.44496;6.568110000000001
220;2015-08-11;6.44496;6.568110000000001;6.48601;6.592739999999999;6.288959999999999;6.34644;6.3628599999999995;6.3628599999999995
221;2015-08-12;6.30538;6.44496;6.40391;6.50243;6.25612;6.3628599999999995;6.33823;6.44496
222;2015-08-13;6.3218;6.44496;6.3628599999999995;6.48601;6.14939;6.288959999999999;6.22328;6.3628599999999995
223;2015-08-14;6.22328;6.30538;6.26433;6.40391;6.132969999999999;6.25612;6.20686;6.33823
224;2015-08-17;6.1576;6.3218;6.3135900000000005;6.3628599999999995;6.1576;6.14939;6.16581;6.22328
225;2015-08-18;6.16581;6.22328;6.2971699999999995;6.26433;6.04266;6.132969999999999;6.11655;6.20686
226;2015-08-19;6.09192;6.1576;6.132969999999999;6.3135900000000005;5.894880000000001;6.1576;6.0262400000000005;6.16581
227;2015-08-20;5.95235;6.16581;6.06729;6.2971699999999995;5.894880000000001;6.04266;6.0098199999999995;6.11655
228;2015-08-21;5.92772;6.09192;6.08371;6.132969999999999;5.90309;5.894880000000001;5.96056;6.0262400000000005
229;2015-08-24;5.68962;5.95235;5.96056;6.06729;5.58289;5.894880000000001;5.83741;6.0098199999999995
230;2015-08-25;6.06729;5.92772;6.08371;6.08371;5.83741;5.90309;5.845619999999999;5.96056
231;2015-08-26;5.9113;5.68962;6.19044;5.96056;5.86204;5.58289;6.19044;5.83741
232;2015-08-27;6.27254;6.06729;6.50243;6.08371;6.23149;5.83741;6.3792800000000005;5.845619999999999
233;2015-08-28;6.26433;5.9113;6.40391;6.19044;6.12476;5.86204;6.17402;6.19044
234;2015-08-31;6.06729;6.27254;6.11655;6.50243;5.9113;6.23149;5.97698;6.3792800000000005
235;2015-09-01;5.79636;6.26433;5.98519;6.40391;5.79636;6.12476;5.91951;6.17402
236;2015-09-02;5.96877;6.06729;6.0098199999999995;6.11655;5.88667;5.9113;5.96056;5.97698
237;2015-09-03;6.01803;5.79636;6.19865;5.98519;5.9113;5.79636;6.14118;5.91951
238;2015-09-04;6.05087;5.96877;6.10013;6.0098199999999995;5.9934;5.88667;5.9934;5.96056
239;2015-09-08;6.1576;6.01803;6.1576;6.19865;6.0262400000000005;5.9113;6.0262400000000005;6.14118
240;2015-09-09;6.11655;6.05087;6.26433;6.10013;6.0755;5.9934;6.09192;5.9934
241;2015-09-10;5.87025;6.1576;6.01803;6.1576;5.845619999999999;6.0262400000000005;5.9113;6.0262400000000005
242;2015-09-11;5.9113;6.11655;6.10013;6.26433;5.88667;6.0755;6.0755;6.09192
243;2015-09-14;6.12476;5.87025;6.3957;6.01803;6.0755;5.845619999999999;6.37107;5.9113
244;2015-09-15;6.3218;5.9113;6.43675;6.10013;6.22328;5.88667;6.330019999999999;6.0755
245;2015-09-16;6.387490000000001;6.12476;6.50243;6.3957;6.34644;6.0755;6.46138;6.37107
246;2015-09-17;6.42033;6.3218;6.6666300000000005;6.43675;6.387490000000001;6.22328;6.4778;6.330019999999999
247;2015-09-18;6.41212;6.387490000000001;6.494219999999999;6.50243;6.14118;6.34644;6.19865;6.46138
248;2015-09-21;6.17402;6.42033;6.2397;6.6666300000000005;5.98519;6.387490000000001;6.04266;6.4778
249;2015-09-22;5.98519;6.41212;6.25612;6.494219999999999;5.9113;6.14118;6.11655;6.19865
250;2015-09-23;6.06729;6.17402;6.182230000000001;6.2397;5.9113;5.98519;5.9113;6.04266
251;2015-09-24;5.86204;5.98519;5.95235;6.25612;5.68141;5.9113;5.87025;6.11655
252;2015-09-25;5.98519;6.06729;6.0262400000000005;6.182230000000001;5.73068;5.9113;5.7471;5.9113
253;2015-09-28;5.7224699999999995;5.86204;5.81278;5.95235;5.648569999999999;5.68141;5.76352;5.87025
254;2015-09-29;5.771730000000001;5.98519;5.845619999999999;6.0262400000000005;5.73068;5.73068;5.76352;5.7471
255;2015-09-30;5.9113;5.7224699999999995;5.94414;5.81278;5.76352;5.648569999999999;5.86204;5.76352
256;2015-10-01;5.87846;5.771730000000001;5.98519;5.845619999999999;5.845619999999999;5.73068;5.92772;5.76352
257;2015-10-02;5.91951;5.9113;6.14118;5.94414;5.85383;5.76352;6.09192;5.86204
258;2015-10-05;6.182230000000001;5.87846;6.3135900000000005;5.98519;6.14939;5.845619999999999;6.23149;5.92772
259;2015-10-06;6.19865;5.91951;6.3218;6.14118;6.182230000000001;5.85383;6.3218;6.09192
260;2015-10-07;6.42854;6.182230000000001;6.60095;6.3135900000000005;6.3628599999999995;6.14939;6.51885;6.23149
261;2015-10-08;6.50243;6.19865;6.568110000000001;6.3218;6.42033;6.182230000000001;6.543480000000001;6.3218
262;2015-10-09;6.62558;6.42854;6.65021;6.60095;6.494219999999999;6.3628599999999995;6.592739999999999;6.51885
263;2015-10-13;6.46959;6.50243;6.46959;6.568110000000001;6.21507;6.42033;6.33823;6.543480000000001
264;2015-10-14;6.3135900000000005;6.62558;6.37107;6.65021;6.19044;6.494219999999999;6.19044;6.592739999999999
265;2015-10-15;6.21507;6.46959;6.27254;6.46959;6.10013;6.21507;6.16581;6.33823
266;2015-10-16;6.16581;6.3135900000000005;6.16581;6.37107;6.01803;6.19044;6.059080000000001;6.19044
267;2015-10-19;6.059080000000001;6.21507;6.21507;6.27254;6.04266;6.10013;6.17402;6.16581
268;2015-10-20;6.182230000000001;6.16581;6.27254;6.16581;6.01803;6.01803;6.09192;6.059080000000001
269;2015-10-21;6.10013;6.059080000000001;6.132969999999999;6.21507;6.03445;6.04266;6.08371;6.17402
270;2015-10-22;6.11655;6.182230000000001;6.182230000000001;6.27254;6.059080000000001;6.01803;6.17402;6.09192
271;2015-10-23;6.2971699999999995;6.10013;6.35465;6.132969999999999;6.09192;6.03445;6.132969999999999;6.08371
272;2015-10-26;6.1576;6.11655;6.19865;6.182230000000001;5.9934;6.059080000000001;6.04266;6.17402
273;2015-10-27;6.03445;6.2971699999999995;6.05087;6.35465;5.97698;6.09192;5.9934;6.132969999999999
274;2015-10-28;6.0098199999999995;6.1576;6.10013;6.19865;5.92772;5.9934;5.95235;6.04266
275;2015-10-29;5.9113;6.03445;6.0262400000000005;6.05087;5.85383;5.97698;5.86204;5.9934
276;2015-10-30;5.88667;6.0098199999999995;5.94414;6.10013;5.85383;5.92772;5.9113;5.95235
277;2015-11-03;6.0016099999999994;5.9113;6.21507;6.0262400000000005;5.96056;5.85383;6.16581;5.86204
278;2015-11-04;6.27254;5.88667;6.3135900000000005;5.94414;6.14118;5.85383;6.20686;5.9113
279;2015-11-05;6.19865;6.0016099999999994;6.30538;6.21507;6.16581;5.96056;6.30538;6.16581
280;2015-11-06;6.27254;6.27254;6.28075;6.3135900000000005;6.08371;6.14118;6.1576;6.20686
281;2015-11-09;6.14939;6.19865;6.14939;6.30538;5.95235;6.16581;6.03445;6.30538
282;2015-11-10;5.9934;6.27254;6.03445;6.28075;5.91951;6.08371;6.03445;6.1576
283;2015-11-11;6.10834;6.14939;6.2397;6.14939;6.08371;5.95235;6.16581;6.03445
284;2015-11-12;6.182230000000001;5.9934;6.25612;6.03445;6.10834;5.91951;6.19865;6.03445
285;2015-11-13;6.12476;6.10834;6.20686;6.2397;6.03445;6.08371;6.0755;6.16581
286;2015-11-16;6.10834;6.182230000000001;6.17402;6.25612;6.0755;6.10834;6.11655;6.19865
287;2015-11-17;6.19044;6.12476;6.3218;6.20686;6.182230000000001;6.03445;6.20686;6.0755
288;2015-11-18;6.22328;6.10834;6.35465;6.17402;6.19865;6.0755;6.26433;6.11655
289;2015-11-19;6.35465;6.19044;6.40391;6.3218;6.2397;6.182230000000001;6.3628599999999995;6.20686
290;2015-11-23;6.42854;6.22328;6.4778;6.35465;6.3135900000000005;6.19865;6.34644;6.26433
291;2015-11-24;6.30538;6.35465;6.37107;6.40391;6.16581;6.2397;6.37107;6.3628599999999995
292;2015-11-25;6.28075;6.42854;6.288959999999999;6.4778;6.01803;6.3135900000000005;6.06729;6.34644
293;2015-11-26;6.08371;6.30538;6.2397;6.37107;6.06729;6.16581;6.182230000000001;6.37107
294;2015-11-27;6.14939;6.28075;6.182230000000001;6.288959999999999;6.0016099999999994;6.01803;6.03445;6.06729
295;2015-11-30;5.9934;6.08371;6.132969999999999;6.2397;5.95235;6.06729;5.95235;6.182230000000001
296;2015-12-01;6.0098199999999995;6.14939;6.10013;6.182230000000001;5.96056;6.0016099999999994;6.10013;6.03445
297;2015-12-02;6.0755;5.9934;6.132969999999999;6.132969999999999;5.95235;5.95235;5.9934;5.95235
298;2015-12-03;6.19865;6.0098199999999995;6.51064;6.10013;6.182230000000001;5.96056;6.2397;6.10013
299;2015-12-04;6.21507;6.0755;6.2397;6.132969999999999;6.08371;5.95235;6.17402;5.9934
300;2015-12-07;6.21507;6.19865;6.26433;6.51064;6.10013;6.182230000000001;6.10834;6.2397
301;2015-12-08;6.11655;6.21507;6.14118;6.2397;5.9934;6.08371;6.06729;6.17402
302;2015-12-09;6.1576;6.21507;6.387490000000001;6.26433;6.12476;6.10013;6.37107;6.10834
303;2015-12-10;6.288959999999999;6.11655;6.33823;6.14118;6.19044;5.9934;6.25612;6.06729
304;2015-12-11;6.16581;6.1576;6.288959999999999;6.387490000000001;6.16581;6.12476;6.21507;6.37107
305;2015-12-14;6.19044;6.288959999999999;6.19044;6.33823;6.0098199999999995;6.19044;6.0262400000000005;6.25612
306;2015-12-15;6.0755;6.16581;6.182230000000001;6.288959999999999;6.04266;6.16581;6.059080000000001;6.21507
307;2015-12-16;6.03445;6.19044;6.10013;6.19044;5.90309;6.0098199999999995;6.01803;6.0262400000000005
308;2015-12-17;6.19044;6.0755;6.22328;6.182230000000001;6.10834;6.04266;6.16581;6.059080000000001
309;2015-12-18;6.0262400000000005;6.03445;6.06729;6.10013;5.87025;5.90309;5.87025;6.01803
310;2015-12-21;5.90309;6.19044;5.90309;6.22328;5.75531;6.10834;5.76352;6.16581
311;2015-12-22;5.82099;6.0262400000000005;5.845619999999999;6.06729;5.75531;5.87025;5.78815;5.87025
312;2015-12-23;5.845619999999999;5.90309;5.87025;5.90309;5.7471;5.75531;5.7471;5.76352
313;2015-12-28;5.7471;5.82099;5.82099;5.845619999999999;5.71425;5.75531;5.73068;5.78815
314;2015-12-29;5.78815;5.845619999999999;5.79636;5.87025;5.70604;5.7471;5.73068;5.7471
315;2015-12-30;5.73068;5.7471;5.75531;5.82099;5.59931;5.71425;5.648569999999999;5.73068
316;2016-01-04;5.5911;5.78815;5.60752;5.79636;5.41869;5.70604;5.41869;5.73068
317;2016-01-05;5.49258;5.73068;5.5336300000000005;5.75531;5.43511;5.59931;5.509;5.648569999999999
318;2016-01-06;5.4269;5.5911;5.66499;5.60752;5.40227;5.41869;5.55826;5.41869
319;2016-01-07;5.45153;5.49258;5.5336300000000005;5.5336300000000005;5.410480000000001;5.43511;5.47616;5.509
320;2016-01-08;5.5336300000000005;5.4269;5.57468;5.66499;5.44332;5.40227;5.47616;5.55826
321;2016-01-11;5.50079;5.45153;5.5172099999999995;5.5336300000000005;5.36943;5.410480000000001;5.410480000000001;5.47616
322;2016-01-12;5.484369999999999;5.5336300000000005;5.5418400000000005;5.57468;5.3448;5.44332;5.3448;5.47616
323;2016-01-13;5.43511;5.50079;5.45974;5.5172099999999995;5.31196;5.36943;5.361219999999999;5.410480000000001
324;2016-01-14;5.38585;5.484369999999999;5.4269;5.5418400000000005;5.2544900000000005;5.3448;5.38585;5.3448
325;2016-01-15;5.32017;5.43511;5.33659;5.45974;5.23807;5.31196;5.29554;5.361219999999999
326;2016-01-18;5.29554;5.38585;5.33659;5.4269;5.23807;5.2544900000000005;5.27091;5.38585
327;2016-01-19;5.361219999999999;5.32017;5.38585;5.33659;5.21344;5.23807;5.21344;5.29554
328;2016-01-20;5.15597;5.29554;5.21344;5.33659;5.13134;5.23807;5.15597;5.27091
329;2016-01-21;5.15597;5.361219999999999;5.22165;5.38585;5.13955;5.21344;5.17239;5.21344
330;2016-01-22;5.2298599999999995;5.15597;5.28733;5.21344;5.20523;5.13134;5.2544900000000005;5.15597
331;2016-01-26;5.20523;5.15597;5.33659;5.22165;5.13134;5.13955;5.33659;5.17239
332;2016-01-27;5.28733;5.2298599999999995;5.45153;5.28733;5.2544900000000005;5.20523;5.3448;5.2544900000000005
333;2016-01-28;5.36943;5.20523;5.45974;5.33659;5.32017;5.13134;5.45974;5.33659
334;2016-01-29;5.47616;5.28733;5.66499;5.45153;5.47616;5.2544900000000005;5.648569999999999;5.3448
335;2016-02-01;5.64036;5.36943;5.68141;5.45974;5.55005;5.32017;5.68141;5.45974
336;2016-02-02;5.37764;5.47616;5.45153;5.66499;5.21344;5.47616;5.21344;5.648569999999999
337;2016-02-03;5.30375;5.64036;5.49258;5.68141;5.27912;5.55005;5.484369999999999;5.68141
338;2016-02-04;5.5418400000000005;5.37764;5.70604;5.45153;5.40227;5.21344;5.57468;5.21344
339;2016-02-05;5.55826;5.30375;5.65678;5.49258;5.5418400000000005;5.27912;5.56647;5.484369999999999
340;2016-02-10;5.484369999999999;5.5418400000000005;5.59931;5.70604;5.46795;5.40227;5.57468;5.57468
341;2016-02-11;5.5172099999999995;5.55826;5.5172099999999995;5.65678;5.37764;5.5418400000000005;5.45153;5.56647
342;2016-02-12;5.50079;5.484369999999999;5.5172099999999995;5.59931;5.40227;5.46795;5.45974;5.57468
343;2016-02-15;5.56647;5.5172099999999995;5.56647;5.5172099999999995;5.46795;5.37764;5.46795;5.45153
344;2016-02-16;5.47616;5.50079;5.64036;5.5172099999999995;5.45974;5.40227;5.55005;5.45974
345;2016-02-17;5.57468;5.56647;5.7388900000000005;5.56647;5.5336300000000005;5.46795;5.57468;5.46795
346;2016-02-18;5.5336300000000005;5.47616;5.5418400000000005;5.64036;5.43511;5.45974;5.47616;5.55005
347;2016-02-19;5.32017;5.57468;5.38585;5.7388900000000005;5.2627;5.5336300000000005;5.33659;5.57468
348;2016-02-22;5.509;5.5336300000000005;5.59931;5.5418400000000005;5.43511;5.43511;5.5172099999999995;5.47616
349;2016-02-23;5.47616;5.32017;5.58289;5.38585;5.44332;5.2627;5.509;5.33659
350;2016-02-24;5.4269;5.509;5.47616;5.59931;5.361219999999999;5.43511;5.46795;5.5172099999999995
351;2016-02-25;5.44332;5.47616;5.5336300000000005;5.58289;5.40227;5.44332;5.509;5.509
352;2016-02-26;5.56647;5.4269;5.58289;5.47616;5.44332;5.361219999999999;5.45974;5.46795
353;2016-02-29;5.5418400000000005;5.44332;5.62394;5.5336300000000005;5.49258;5.40227;5.59931;5.509
354;2016-03-01;5.66499;5.56647;5.85383;5.58289;5.63215;5.44332;5.8292;5.45974
355;2016-03-02;5.8292;5.5418400000000005;5.93593;5.62394;5.78815;5.49258;5.91951;5.59931
356;2016-03-03;5.95235;5.66499;6.42033;5.85383;5.92772;5.63215;6.40391;5.8292
357;2016-03-04;6.40391;5.8292;6.953989999999999;5.93593;6.40391;5.78815;6.65842;5.91951
358;2016-03-07;6.70768;5.95235;6.7241;6.42033;6.42033;5.92772;6.57632;6.40391
359;2016-03-08;6.5599;6.40391;6.87188;6.953989999999999;6.48601;6.40391;6.8062;6.65842
360;2016-03-09;6.86367;6.70768;6.929360000000001;6.7241;6.642;6.42033;6.642;6.57632
361;2016-03-10;6.77336;6.5599;7.01967;6.87188;6.60095;6.48601;6.8883;6.8062
362;2016-03-11;6.91293;6.86367;7.06072;6.929360000000001;6.83904;6.642;7.0114600000000005;6.642
363;2016-03-14;7.06072;6.77336;7.175660000000001;7.01967;6.953989999999999;6.60095;6.9622;6.8883
364;2016-03-15;6.65021;6.91293;6.855460000000001;7.06072;6.494219999999999;6.83904;6.5599;7.0114600000000005
365;2016-03-16;6.51885;7.06072;6.51885;7.175660000000001;6.26433;6.953989999999999;6.3957;6.9622
366;2016-03-17;6.87188;6.65021;7.1428199999999995;6.855460000000001;6.7241;6.494219999999999;7.052510000000001;6.5599
367;2016-03-18;7.06072;6.51885;7.1428199999999995;6.51885;6.89651;6.26433;7.0443;6.3957
368;2016-03-21;7.077139999999999;6.87188;7.15924;7.1428199999999995;6.9950399999999995;6.7241;7.13461;7.052510000000001
369;2016-03-22;7.1428199999999995;7.06072;7.1428199999999995;7.1428199999999995;6.880089999999999;6.89651;6.880089999999999;7.0443
370;2016-03-23;6.7979899999999995;7.077139999999999;6.83904;7.15924;6.62558;6.9950399999999995;6.67484;7.13461
371;2016-03-24;6.55169;7.1428199999999995;6.68305;7.1428199999999995;6.53527;6.880089999999999;6.67484;6.880089999999999
372;2016-03-28;6.87188;6.7979899999999995;6.93757;6.83904;6.78978;6.62558;6.93757;6.67484
373;2016-03-29;6.94578;6.55169;7.10177;6.68305;6.7979899999999995;6.53527;7.0114600000000005;6.67484
374;2016-03-30;7.077139999999999;6.87188;7.1428199999999995;6.93757;6.87188;6.78978;6.953989999999999;6.93757
375;2016-03-31;6.89651;6.94578;6.89651;7.10177;6.62558;6.7979899999999995;6.70768;7.0114600000000005
376;2016-04-01;6.62558;7.077139999999999;6.77336;7.1428199999999995;6.5599;6.87188;6.70768;6.953989999999999
377;2016-04-04;6.633789999999999;6.89651;6.65842;6.89651;6.42854;6.62558;6.48601;6.70768
378;2016-04-05;6.46138;6.62558;6.633789999999999;6.77336;6.35465;6.5599;6.45317;6.70768
379;2016-04-06;6.40391;6.633789999999999;6.48601;6.65842;6.23149;6.42854;6.28075;6.48601
380;2016-04-07;6.3792800000000005;6.46138;6.46959;6.633789999999999;6.3135900000000005;6.35465;6.37107;6.45317
381;2016-04-08;6.51885;6.40391;6.78978;6.48601;6.50243;6.23149;6.74873;6.28075
382;2016-04-11;6.8144100000000005;6.3792800000000005;6.8883;6.46959;6.74873;6.3135900000000005;6.76515;6.37107
383;2016-04-12;6.8062;6.51885;7.093560000000001;6.78978;6.8062;6.50243;7.077139999999999;6.74873
384;2016-04-13;7.16745;6.8144100000000005;7.2823899999999995;6.8883;7.10177;6.74873;7.10998;6.76515
385;2016-04-14;7.16745;6.8062;7.2085;7.093560000000001;6.93757;6.8062;6.9622;7.077139999999999
386;2016-04-15;7.0114600000000005;7.16745;7.118189999999999;7.2823899999999995;7.0114600000000005;7.10177;7.077139999999999;7.10998
387;2016-04-18;7.01967;7.16745;7.118189999999999;7.2085;6.8144100000000005;6.93757;7.01967;6.9622
388;2016-04-19;7.0114600000000005;7.0114600000000005;7.0114600000000005;7.118189999999999;7.0114600000000005;7.0114600000000005;7.0114600000000005;7.077139999999999
389;2016-04-20;6.97041;7.01967;6.97041;7.118189999999999;6.7979899999999995;6.8144100000000005;6.87188;7.01967
390;2016-04-22;6.781569999999999;7.0114600000000005;6.83904;7.0114600000000005;6.67484;7.0114600000000005;6.8062;7.0114600000000005
391;2016-04-25;6.7979899999999995;6.97041;6.84725;6.97041;6.69947;6.7979899999999995;6.732310000000001;6.87188
392;2016-04-26;6.77336;6.781569999999999;6.978619999999999;6.83904;6.7241;6.67484;6.978619999999999;6.8062
393;2016-04-27;6.978619999999999;6.7979899999999995;7.20029;6.84725;6.97041;6.69947;7.15103;6.732310000000001
394;2016-04-28;7.1428199999999995;6.77336;7.315230000000001;6.978619999999999;7.0443;6.7241;7.13461;6.978619999999999
395;2016-04-29;7.15924;6.978619999999999;7.216710000000001;7.20029;6.98683;6.97041;7.10998;7.15103
396;2016-05-02;7.15267;7.1428199999999995;7.15267;7.315230000000001;6.917860000000001;7.0443;6.953989999999999;7.13461
397;2016-05-03;6.76433;7.15924;6.76433;7.216710000000001;6.56565;6.98683;6.57468;7.10998
398;2016-05-04;6.60177;7.15267;6.701110000000001;7.15267;6.556610000000001;6.917860000000001;6.68305;6.953989999999999
399;2016-05-05;6.74627;6.76433;6.77336;6.76433;6.52952;6.56565;6.6108;6.57468
400;2016-05-06;6.556610000000001;6.60177;6.701110000000001;6.701110000000001;6.54758;6.556610000000001;6.6379;6.68305
401;2016-05-09;6.592739999999999;6.74627;6.80046;6.77336;6.38502;6.52952;6.728210000000001;6.6108
402;2016-05-10;6.845610000000001;6.556610000000001;7.08945;6.701110000000001;6.80046;6.54758;7.0443;6.6379
403;2016-05-11;7.1888;6.592739999999999;7.24298;6.80046;6.90883;6.38502;6.99914;6.728210000000001
404;2016-05-12;7.09848;6.845610000000001;7.179760000000001;7.08945;6.917860000000001;6.80046;7.080419999999999;7.0443
405;2016-05-13;7.071389999999999;7.1888;7.080419999999999;7.24298;6.7553;6.90883;6.917860000000001;6.99914
406;2016-05-16;6.86367;7.09848;6.963019999999999;7.179760000000001;6.845610000000001;6.917860000000001;6.88174;7.080419999999999
407;2016-05-17;6.89077;7.071389999999999;6.94495;7.080419999999999;6.61983;6.7553;6.6649899999999995;6.917860000000001
408;2016-05-18;6.60177;6.86367;6.8727100000000005;6.963019999999999;6.56565;6.845610000000001;6.6649899999999995;6.88174
409;2016-05-19;6.583710000000001;6.89077;6.737239999999999;6.94495;6.52952;6.61983;6.701110000000001;6.6649899999999995
410;2016-05-20;6.77336;6.60177;6.809489999999999;6.8727100000000005;6.56565;6.56565;6.61983;6.6649899999999995
411;2016-05-23;6.56565;6.583710000000001;6.701110000000001;6.737239999999999;6.457269999999999;6.52952;6.6379;6.701110000000001
412;2016-05-24;6.701110000000001;6.77336;6.80046;6.809489999999999;6.52952;6.56565;6.57468;6.61983
413;2016-05-25;6.6649899999999995;6.56565;6.701110000000001;6.701110000000001;6.556610000000001;6.457269999999999;6.56565;6.6379
414;2016-05-27;6.57468;6.701110000000001;6.6649899999999995;6.80046;6.53855;6.52952;6.56565;6.57468
415;2016-05-30;6.556610000000001;6.6649899999999995;6.61983;6.701110000000001;6.520490000000001;6.556610000000001;6.556610000000001;6.56565
416;2016-05-31;6.556610000000001;6.57468;6.60177;6.6649899999999995;6.40309;6.53855;6.44824;6.56565
417;2016-06-01;6.43921;6.556610000000001;6.57468;6.61983;6.3489;6.520490000000001;6.57468;6.556610000000001
418;2016-06-02;6.592739999999999;6.556610000000001;6.64693;6.60177;6.484369999999999;6.40309;6.592739999999999;6.44824
419;2016-06-03;6.65596;6.43921;6.719180000000001;6.57468;6.583710000000001;6.3489;6.6379;6.57468
420;2016-06-06;6.6379;6.592739999999999;6.68305;6.64693;6.484369999999999;6.484369999999999;6.54758;6.592739999999999
421;2016-06-07;6.51146;6.65596;6.68305;6.719180000000001;6.484369999999999;6.583710000000001;6.6649899999999995;6.6379
422;2016-06-08;6.692080000000001;6.6379;6.8365800000000005;6.68305;6.692080000000001;6.484369999999999;6.7823899999999995;6.54758
423;2016-06-09;6.737239999999999;6.51146;6.86367;6.68305;6.692080000000001;6.484369999999999;6.82755;6.6649899999999995
424;2016-06-10;6.76433;6.692080000000001;6.76433;6.8365800000000005;6.4663;6.692080000000001;6.4663;6.7823899999999995
425;2016-06-13;6.457269999999999;6.737239999999999;6.53855;6.86367;6.40309;6.692080000000001;6.52952;6.82755
426;2016-06-14;6.520490000000001;6.76433;6.57468;6.76433;6.33084;6.4663;6.40309;6.4663
427;2016-06-15;6.42115;6.457269999999999;6.54758;6.53855;6.29471;6.40309;6.39405;6.52952
428;2016-06-16;6.3218;6.520490000000001;6.60177;6.57468;6.27665;6.33084;6.53855;6.40309
429;2016-06-17;6.6108;6.42115;6.6379;6.54758;6.44824;6.29471;6.44824;6.39405
430;2016-06-20;6.60177;6.3218;6.62886;6.60177;6.53855;6.27665;6.556610000000001;6.53855
431;2016-06-21;6.484369999999999;6.6108;6.520490000000001;6.6379;6.37599;6.44824;6.4934;6.44824
432;2016-06-22;6.520490000000001;6.60177;6.592739999999999;6.62886;6.40309;6.53855;6.43921;6.556610000000001
433;2016-06-23;6.520490000000001;6.484369999999999;6.701110000000001;6.520490000000001;6.484369999999999;6.37599;6.67402;6.4934
434;2016-06-24;6.4663;6.520490000000001;6.57468;6.592739999999999;6.42115;6.40309;6.51146;6.43921
435;2016-06-27;6.52952;6.520490000000001;6.54758;6.701110000000001;6.3127699999999995;6.484369999999999;6.3127699999999995;6.67402
436;2016-06-28;6.43018;6.4663;6.4934;6.57468;6.39405;6.42115;6.4934;6.51146
437;2016-06-29;6.556610000000001;6.52952;6.67402;6.54758;6.53855;6.3127699999999995;6.64693;6.3127699999999995
438;2016-06-30;6.6379;6.43018;6.88174;6.4934;6.61983;6.39405;6.85464;6.4934
439;2016-07-01;6.89077;6.556610000000001;6.94495;6.67402;6.76433;6.53855;6.917860000000001;6.64693
440;2016-07-04;6.94495;6.6379;6.963019999999999;6.88174;6.82755;6.61983;6.90883;6.85464
441;2016-07-05;6.8185199999999995;6.89077;6.8727100000000005;6.94495;6.76433;6.76433;6.82755;6.917860000000001
442;2016-07-06;6.77336;6.94495;6.8365800000000005;6.963019999999999;6.6649899999999995;6.82755;6.79142;6.90883
443;2016-07-07;6.82755;6.8185199999999995;6.89077;6.8727100000000005;6.76433;6.76433;6.845610000000001;6.82755
444;2016-07-08;6.90883;6.77336;7.05333;6.8365800000000005;6.8998;6.6649899999999995;7.0443;6.79142
445;2016-07-11;7.080419999999999;6.82755;7.11655;6.89077;7.0172;6.76433;7.05333;6.845610000000001
446;2016-07-12;7.09848;6.90883;7.13461;7.05333;6.935919999999999;6.8998;6.94495;7.0443
447;2016-07-13;6.935919999999999;7.080419999999999;7.13461;7.11655;6.935919999999999;7.0172;7.10752;7.05333
448;2016-07-14;7.15267;7.09848;7.432639999999999;7.13461;7.15267;6.935919999999999;7.423610000000001;6.94495
449;2016-07-15;7.432639999999999;6.935919999999999;7.432639999999999;7.13461;7.27911;6.935919999999999;7.38748;7.10752
450;2016-07-18;7.423610000000001;7.15267;7.57713;7.432639999999999;7.36942;7.15267;7.550039999999999;7.423610000000001
451;2016-07-19;7.541010000000001;7.432639999999999;7.60423;7.432639999999999;7.47779;7.27911;7.5952;7.38748
452;2016-07-20;7.63132;7.423610000000001;7.694539999999999;7.57713;7.48682;7.36942;7.5681;7.550039999999999
453;2016-07-21;7.58617;7.541010000000001;7.61326;7.60423;7.38748;7.47779;7.49585;7.5952
454;2016-07-22;7.4507;7.63132;7.541010000000001;7.694539999999999;7.441669999999999;7.48682;7.51392;7.5681
455;2016-07-25;7.53198;7.58617;7.58617;7.61326;7.39651;7.38748;7.47779;7.49585
456;2016-07-26;7.50489;7.4507;7.5681;7.541010000000001;7.38748;7.441669999999999;7.405539999999999;7.51392
457;2016-07-27;7.432639999999999;7.53198;7.53198;7.58617;7.423610000000001;7.39651;7.52295;7.47779
458;2016-07-28;7.48682;7.50489;7.50489;7.5681;7.36039;7.38748;7.432639999999999;7.405539999999999
459;2016-07-29;7.37845;7.432639999999999;7.5952;7.53198;7.36942;7.423610000000001;7.550039999999999;7.52295
460;2016-08-01;7.57713;7.48682;7.65842;7.50489;7.39651;7.36039;7.45973;7.432639999999999
461;2016-08-02;7.423610000000001;7.37845;7.64035;7.5952;7.414569999999999;7.36942;7.50489;7.550039999999999
462;2016-08-03;7.45973;7.57713;7.802910000000001;7.65842;7.45973;7.39651;7.802910000000001;7.45973
463;2016-08-04;7.8209800000000005;7.423610000000001;7.95644;7.64035;7.793880000000001;7.414569999999999;7.8209800000000005;7.50489
464;2016-08-05;7.86613;7.45973;7.884189999999999;7.802910000000001;7.7397;7.45973;7.793880000000001;7.802910000000001
465;2016-08-08;7.766789999999999;7.8209800000000005;7.83904;7.95644;7.685510000000001;7.793880000000001;7.7397;7.8209800000000005
466;2016-08-09;7.78485;7.86613;7.884189999999999;7.884189999999999;7.73066;7.7397;7.73066;7.793880000000001
467;2016-08-10;7.78485;7.766789999999999;7.8209800000000005;7.83904;7.550039999999999;7.685510000000001;7.63132;7.7397
468;2016-08-11;7.676480000000001;7.78485;7.84807;7.884189999999999;7.64035;7.73066;7.84807;7.73066
469;2016-08-12;7.83904;7.78485;7.920319999999999;7.8209800000000005;7.7758199999999995;7.550039999999999;7.8571;7.63132
470;2016-08-15;7.8571;7.676480000000001;7.99257;7.84807;7.830010000000001;7.64035;7.920319999999999;7.84807
471;2016-08-16;7.884189999999999;7.83904;7.93838;7.920319999999999;7.793880000000001;7.7758199999999995;7.83904;7.8571
472;2016-08-17;7.83904;7.8571;7.97451;7.99257;7.73066;7.830010000000001;7.96547;7.920319999999999
473;2016-08-18;7.92935;7.884189999999999;8.01063;7.93838;7.8571;7.793880000000001;8.0016;7.83904
474;2016-08-19;7.98354;7.83904;7.99257;7.97451;7.87516;7.73066;7.92935;7.96547
475;2016-08-22;7.920319999999999;7.92935;7.920319999999999;8.01063;7.685510000000001;7.8571;7.7126;8.0016
476;2016-08-23;7.793880000000001;7.98354;7.811939999999999;7.99257;7.64035;7.87516;7.72163;7.92935
477;2016-08-24;7.676480000000001;7.920319999999999;7.766789999999999;7.920319999999999;7.61326;7.685510000000001;7.694539999999999;7.7126
478;2016-08-25;7.7126;7.793880000000001;7.7758199999999995;7.811939999999999;7.649380000000001;7.64035;7.676480000000001;7.72163
479;2016-08-26;7.72163;7.676480000000001;7.8571;7.766789999999999;7.64035;7.61326;7.74873;7.694539999999999
480;2016-08-29;7.72163;7.7126;7.920319999999999;7.7758199999999995;7.72163;7.649380000000001;7.86613;7.676480000000001
481;2016-08-30;7.87516;7.72163;7.911289999999999;7.8571;7.793880000000001;7.64035;7.884189999999999;7.74873
482;2016-08-31;7.902260000000001;7.72163;7.96547;7.920319999999999;7.685510000000001;7.72163;7.766789999999999;7.86613
483;2016-09-01;7.7397;7.87516;7.902260000000001;7.911289999999999;7.70357;7.793880000000001;7.8209800000000005;7.884189999999999
484;2016-09-02;7.8571;7.902260000000001;7.93838;7.96547;7.8571;7.685510000000001;7.92935;7.766789999999999
485;2016-09-05;7.95644;7.7397;7.98354;7.902260000000001;7.8571;7.70357;7.902260000000001;7.8209800000000005
486;2016-09-06;7.9474100000000005;7.8571;7.96547;7.93838;7.8209800000000005;7.8571;7.96547;7.92935
487;2016-09-08;7.902260000000001;7.95644;7.92935;7.98354;7.84807;7.8571;7.8571;7.902260000000001
488;2016-09-09;7.78485;7.9474100000000005;7.802910000000001;7.96547;7.45973;7.8209800000000005;7.49585;7.96547
489;2016-09-12;7.4507;7.902260000000001;7.62229;7.92935;7.414569999999999;7.84807;7.559069999999999;7.8571
490;2016-09-13;7.51392;7.78485;7.5681;7.802910000000001;7.333289999999999;7.45973;7.52295;7.49585
491;2016-09-14;7.541010000000001;7.4507;7.5681;7.62229;7.414569999999999;7.414569999999999;7.441669999999999;7.559069999999999
492;2016-09-15;7.441669999999999;7.51392;7.694539999999999;7.5681;7.441669999999999;7.333289999999999;7.61326;7.52295
493;2016-09-16;7.61326;7.541010000000001;7.61326;7.5681;7.423610000000001;7.414569999999999;7.52295;7.441669999999999
494;2016-09-19;7.58617;7.441669999999999;7.66745;7.694539999999999;7.52295;7.441669999999999;7.541010000000001;7.61326
495;2016-09-20;7.58617;7.61326;7.649380000000001;7.61326;7.5681;7.423610000000001;7.58617;7.52295
496;2016-09-21;7.66745;7.58617;7.676480000000001;7.66745;7.47779;7.52295;7.63132;7.541010000000001
497;2016-09-22;7.685510000000001;7.58617;7.793880000000001;7.649380000000001;7.64035;7.5681;7.74873;7.58617
498;2016-09-23;7.7397;7.66745;7.74873;7.676480000000001;7.61326;7.47779;7.685510000000001;7.63132
499;2016-09-26;7.60423;7.685510000000001;7.649380000000001;7.793880000000001;7.559069999999999;7.64035;7.5952;7.74873
500;2016-09-27;7.61326;7.7397;7.7126;7.74873;7.50489;7.61326;7.70357;7.685510000000001
501;2016-09-28;7.694539999999999;7.60423;7.802910000000001;7.649380000000001;7.649380000000001;7.559069999999999;7.78485;7.5952
502;2016-09-29;7.793880000000001;7.61326;7.8209800000000005;7.7126;7.559069999999999;7.50489;7.559069999999999;7.70357
503;2016-09-30;7.60423;7.694539999999999;7.63132;7.802910000000001;7.51392;7.649380000000001;7.53198;7.78485
504;2016-10-03;7.541010000000001;7.793880000000001;7.70357;7.8209800000000005;7.52295;7.559069999999999;7.66745;7.559069999999999
505;2016-10-04;7.58617;7.60423;7.649380000000001;7.63132;7.423610000000001;7.51392;7.559069999999999;7.53198
506;2016-10-05;7.550039999999999;7.541010000000001;7.73066;7.70357;7.53198;7.52295;7.65842;7.66745
507;2016-10-06;7.676480000000001;7.58617;7.802910000000001;7.649380000000001;7.649380000000001;7.423610000000001;7.78485;7.559069999999999
508;2016-10-07;7.811939999999999;7.550039999999999;7.902260000000001;7.73066;7.78485;7.53198;7.87516;7.65842
509;2016-10-10;7.9474100000000005;7.676480000000001;8.0016;7.802910000000001;7.93838;7.649380000000001;7.99257;7.78485
510;2016-10-11;7.99257;7.811939999999999;7.99257;7.902260000000001;7.87516;7.78485;7.911289999999999;7.87516
511;2016-10-13;7.87516;7.9474100000000005;7.95644;8.0016;7.830010000000001;7.93838;7.911289999999999;7.99257
512;2016-10-14;7.96547;7.99257;8.09191;7.99257;7.93838;7.87516;8.03772;7.911289999999999
513;2016-10-17;8.06482;7.87516;8.1461;7.95644;8.02869;7.830010000000001;8.10997;7.911289999999999
514;2016-10-18;8.15513;7.96547;8.236410000000001;8.09191;8.07385;7.93838;8.21835;8.03772
515;2016-10-19;8.22738;8.06482;8.27253;8.1461;8.1461;8.02869;8.16416;8.10997
516;2016-10-20;8.12803;8.15513;8.32672;8.236410000000001;8.07385;8.07385;8.200280000000001;8.21835
517;2016-10-21;8.13707;8.22738;8.22738;8.27253;8.10094;8.1461;8.13707;8.16416
518;2016-10-24;8.17319;8.12803;8.22738;8.32672;8.082880000000001;8.07385;8.09191;8.200280000000001
519;2016-10-25;8.082880000000001;8.13707;8.119;8.22738;7.902260000000001;8.10094;7.98354;8.13707
520;2016-10-26;7.95644;8.17319;8.082880000000001;8.22738;7.92935;8.082880000000001;8.0016;8.09191
521;2016-10-27;8.01966;8.082880000000001;8.22738;8.119;8.01966;7.902260000000001;8.17319;7.98354
522;2016-10-28;8.17319;7.95644;8.236410000000001;8.082880000000001;8.07385;7.92935;8.19125;8.0016
523;2016-10-31;8.22738;8.01966;8.52541;8.22738;8.21835;8.01966;8.52541;8.17319
524;2016-11-01;8.5525;8.17319;8.57056;8.236410000000001;8.29963;8.07385;8.33575;8.19125
525;2016-11-03;8.2906;8.22738;8.426060000000001;8.52541;8.15513;8.21835;8.17319;8.52541
526;2016-11-04;8.17319;8.5525;8.46219;8.57056;8.13707;8.29963;8.33575;8.33575
527;2016-11-07;8.49831;8.2906;8.606689999999999;8.426060000000001;8.46219;8.15513;8.53444;8.17319
528;2016-11-08;8.53444;8.17319;8.697;8.46219;8.49831;8.13707;8.57959;8.33575
529;2016-11-09;8.17319;8.49831;8.57056;8.606689999999999;8.16416;8.46219;8.39897;8.53444
530;2016-11-10;8.39897;8.53444;8.435089999999999;8.697;7.84807;8.49831;7.96547;8.57959
531;2016-11-11;7.78485;8.17319;8.04675;8.57056;7.685510000000001;8.16416;7.74873;8.39897
532;2016-11-14;7.72163;8.39897;7.93838;8.435089999999999;7.62229;7.84807;7.7397;7.96547
533;2016-11-16;7.8571;7.78485;8.01063;8.04675;7.802910000000001;7.685510000000001;7.99257;7.74873
534;2016-11-17;8.03772;7.72163;8.082880000000001;7.93838;7.766789999999999;7.62229;7.802910000000001;7.7397
535;2016-11-18;7.78485;7.8571;8.06482;8.01063;7.78485;7.802910000000001;7.92935;7.99257
536;2016-11-21;8.01063;8.03772;8.10997;8.082880000000001;7.96547;7.766789999999999;8.01063;7.802910000000001
537;2016-11-22;8.10997;7.78485;8.18222;8.06482;7.911289999999999;7.78485;8.01063;7.92935
538;2016-11-23;7.98354;8.01063;8.03772;8.10997;7.86613;7.96547;7.86613;8.01063
539;2016-11-24;7.902260000000001;8.10997;7.92935;8.18222;7.793880000000001;7.911289999999999;7.802910000000001;8.01063
540;2016-11-25;7.75776;7.98354;7.78485;8.03772;7.66745;7.86613;7.766789999999999;7.86613
541;2016-11-28;7.7758199999999995;7.902260000000001;7.89323;7.92935;7.694539999999999;7.793880000000001;7.83904;7.802910000000001
542;2016-11-29;7.811939999999999;7.75776;7.8571;7.78485;7.685510000000001;7.66745;7.685510000000001;7.766789999999999
543;2016-11-30;7.7758199999999995;7.7758199999999995;7.902260000000001;7.89323;7.74873;7.694539999999999;7.7758199999999995;7.83904
544;2016-12-01;7.37845;7.811939999999999;7.37845;7.8571;7.37845;7.685510000000001;7.37845;7.685510000000001
545;2016-12-02;7.34232;7.7758199999999995;7.541010000000001;7.902260000000001;7.27911;7.74873;7.405539999999999;7.7758199999999995
546;2016-12-05;7.441669999999999;7.37845;7.47779;7.37845;7.333289999999999;7.37845;7.36942;7.37845
547;2016-12-06;7.333289999999999;7.34232;7.559069999999999;7.541010000000001;7.2971699999999995;7.27911;7.53198;7.405539999999999
548;2016-12-07;7.58617;7.441669999999999;7.62229;7.47779;7.50489;7.333289999999999;7.550039999999999;7.36942
549;2016-12-08;7.61326;7.333289999999999;7.64035;7.559069999999999;7.48682;7.2971699999999995;7.541010000000001;7.53198
550;2016-12-09;7.57713;7.58617;7.676480000000001;7.62229;7.52295;7.50489;7.58617;7.550039999999999
551;2016-12-12;7.49585;7.61326;7.53198;7.64035;7.27008;7.48682;7.288139999999999;7.541010000000001
552;2016-12-13;7.27008;7.57713;7.441669999999999;7.676480000000001;7.27008;7.52295;7.324260000000001;7.58617
553;2016-12-14;7.324260000000001;7.49585;7.441669999999999;7.53198;7.27911;7.27008;7.27911;7.288139999999999
554;2016-12-15;7.27911;7.27008;7.405539999999999;7.441669999999999;7.206860000000001;7.27008;7.27911;7.324260000000001
555;2016-12-16;7.36039;7.324260000000001;7.37845;7.441669999999999;7.22492;7.27911;7.24298;7.27911
556;2016-12-19;7.27008;7.27911;7.3062;7.405539999999999;7.09848;7.206860000000001;7.11655;7.27911
557;2016-12-20;7.215889999999999;7.36039;7.27008;7.37845;7.11655;7.22492;7.1888;7.24298
558;2016-12-21;7.22492;7.27008;7.24298;7.3062;7.13461;7.09848;7.1888;7.11655
559;2016-12-22;7.215889999999999;7.215889999999999;7.3062;7.27008;7.1436399999999995;7.11655;7.24298;7.1888
560;2016-12-23;7.11655;7.22492;7.22492;7.24298;7.09848;7.13461;7.13461;7.1888
561;2016-12-26;7.170730000000001;7.215889999999999;7.2610399999999995;7.3062;7.1617;7.1436399999999995;7.22492;7.24298
562;2016-12-27;7.25201;7.11655;7.2610399999999995;7.22492;7.170730000000001;7.09848;7.197830000000001;7.13461
563;2016-12-28;7.1617;7.170730000000001;7.36039;7.2610399999999995;7.1617;7.1617;7.2971699999999995;7.22492
564;2016-12-29;7.315230000000001;7.25201;7.48682;7.2610399999999995;7.288139999999999;7.170730000000001;7.47779;7.197830000000001
565;2017-01-02;7.405539999999999;7.1617;7.4507;7.36039;7.36942;7.1617;7.414569999999999;7.2971699999999995
566;2017-01-03;7.4507;7.315230000000001;7.7397;7.48682;7.4507;7.288139999999999;7.7397;7.47779
567;2017-01-04;7.685510000000001;7.405539999999999;7.793880000000001;7.4507;7.66745;7.36942;7.78485;7.414569999999999
568;2017-01-05;7.802910000000001;7.4507;7.93838;7.7397;7.73066;7.4507;7.8571;7.7397
569;2017-01-06;7.8571;7.685510000000001;7.902260000000001;7.793880000000001;7.766789999999999;7.66745;7.830010000000001;7.78485
570;2017-01-09;7.811939999999999;7.802910000000001;7.96547;7.93838;7.74873;7.73066;7.911289999999999;7.8571
571;2017-01-10;7.93838;7.8571;7.99257;7.902260000000001;7.78485;7.766789999999999;7.8571;7.830010000000001
572;2017-01-11;7.884189999999999;7.811939999999999;7.9474100000000005;7.96547;7.802910000000001;7.74873;7.911289999999999;7.911289999999999
573;2017-01-12;8.06482;7.93838;8.200280000000001;7.99257;8.05579;7.78485;8.12803;7.8571
574;2017-01-13;8.06482;7.884189999999999;8.200280000000001;7.9474100000000005;7.96547;7.802910000000001;8.04675;7.911289999999999
575;2017-01-16;8.04675;8.06482;8.10094;8.200280000000001;7.99257;8.05579;8.04675;8.12803
576;2017-01-17;8.04675;8.06482;8.28156;8.200280000000001;8.03772;7.96547;8.20932;8.04675
577;2017-01-18;8.27253;8.04675;8.27253;8.10094;8.119;7.99257;8.16416;8.04675
578;2017-01-19;8.18222;8.04675;8.20932;8.28156;8.09191;8.03772;8.15513;8.20932
579;2017-01-20;8.17319;8.27253;8.28156;8.27253;8.15513;8.119;8.245439999999999;8.16416
580;2017-01-23;8.236410000000001;8.18222;8.45316;8.20932;8.21835;8.09191;8.45316;8.15513
581;2017-01-24;8.44413;8.17319;8.471219999999999;8.28156;8.32672;8.15513;8.353810000000001;8.245439999999999
582;2017-01-26;8.44413;8.236410000000001;8.471219999999999;8.45316;8.32672;8.21835;8.38994;8.45316
583;2017-01-27;8.408;8.44413;8.471219999999999;8.471219999999999;8.36284;8.32672;8.38091;8.353810000000001
584;2017-01-30;8.36284;8.44413;8.37188;8.471219999999999;8.20932;8.32672;8.28156;8.38994
585;2017-01-31;8.317689999999999;8.408;8.44413;8.471219999999999;8.21835;8.36284;8.38091;8.38091
586;2017-02-01;8.426060000000001;8.36284;8.46219;8.37188;8.36284;8.20932;8.41703;8.28156
587;2017-02-02;8.36284;8.317689999999999;8.44413;8.44413;8.18222;8.21835;8.408;8.38091
588;2017-02-03;8.39897;8.426060000000001;8.63378;8.46219;8.37188;8.36284;8.57056;8.41703
589;2017-02-06;8.57959;8.36284;8.65184;8.44413;8.44413;8.18222;8.44413;8.408
590;2017-02-07;8.61572;8.39897;8.78731;8.63378;8.53444;8.37188;8.56153;8.57056
591;2017-02-08;8.58862;8.57959;8.66087;8.65184;8.46219;8.44413;8.63378;8.44413
592;2017-02-09;8.678939999999999;8.61572;8.82343;8.78731;8.606689999999999;8.53444;8.697;8.56153
593;2017-02-10;8.724089999999999;8.58862;8.8144;8.66087;8.65184;8.46219;8.77828;8.63378
594;2017-02-13;8.78731;8.678939999999999;8.82343;8.82343;8.6699;8.606689999999999;8.76022;8.697
595;2017-02-14;8.796339999999999;8.724089999999999;8.796339999999999;8.8144;8.68797;8.65184;8.724089999999999;8.77828
596;2017-02-15;8.78731;8.78731;9.076310000000001;8.82343;8.76022;8.6699;9.05824;8.76022
597;2017-02-16;9.01309;8.796339999999999;9.12146;8.796339999999999;9.00406;8.68797;9.03115;8.724089999999999
598;2017-02-17;8.9589;8.78731;9.21177;9.076310000000001;8.91375;8.76022;9.17565;9.05824
599;2017-02-20;9.21177;9.01309;9.35627;9.12146;9.17565;9.00406;9.30208;9.03115
600;2017-02-21;9.272730000000001;8.9589;9.36364;9.21177;9.20909;8.91375;9.36364;9.17565
601;2017-02-22;9.34545;9.21177;9.42727;9.35627;9.29091;9.17565;9.409089999999999;9.30208
602;2017-02-23;9.42727;9.272730000000001;9.56364;9.36364;9.19091;9.20909;9.29091;9.36364
603;2017-02-24;9.2;9.34545;9.263639999999999;9.42727;9.1;9.29091;9.12727;9.409089999999999
604;2017-03-01;9.227269999999999;9.42727;9.272730000000001;9.56364;9.06364;9.19091;9.08182;9.29091
605;2017-03-02;9.090910000000001;9.2;9.11818;9.263639999999999;8.95455;9.1;8.97273;9.12727
606;2017-03-03;9.018180000000001;9.227269999999999;9.08182;9.272730000000001;8.96364;9.06364;9.08182;9.08182
607;2017-03-06;9.08182;9.090910000000001;9.15455;9.11818;8.981819999999999;8.95455;9.15455;8.97273
608;2017-03-07;9.16364;9.018180000000001;9.16364;9.08182;9.018180000000001;8.96364;9.018180000000001;9.08182
609;2017-03-08;9.06364;9.08182;9.07273;9.15455;8.80909;8.981819999999999;8.84545;9.15455
610;2017-03-09;8.84545;9.16364;8.909089999999999;9.16364;8.70909;9.018180000000001;8.763639999999999;9.018180000000001
611;2017-03-10;8.80909;9.06364;8.97273;9.07273;8.78182;8.80909;8.8;8.84545
612;2017-03-13;8.86364;8.84545;9.009089999999999;8.909089999999999;8.81818;8.70909;8.92727;8.763639999999999
613;2017-03-14;8.9;8.80909;9.018180000000001;8.97273;8.82727;8.78182;8.82727;8.8
614;2017-03-15;8.909089999999999;8.86364;9.06364;9.009089999999999;8.79091;8.81818;9.05455;8.92727
615;2017-03-16;9.07273;8.9;9.11818;9.018180000000001;8.96364;8.82727;9.05455;8.82727
616;2017-03-17;9.07273;8.909089999999999;9.12727;9.06364;8.86364;8.79091;8.88182;9.05455
617;2017-03-20;8.86364;9.07273;8.909089999999999;9.11818;8.763639999999999;8.96364;8.86364;9.05455
618;2017-03-21;8.85455;9.07273;8.87273;9.12727;8.47273;8.86364;8.55455;8.88182
619;2017-03-22;8.55455;8.86364;8.772730000000001;8.909089999999999;8.509089999999999;8.763639999999999;8.772730000000001;8.86364
620;2017-03-23;8.71818;8.85455;8.79091;8.87273;8.64545;8.47273;8.7;8.55455
621;2017-03-24;8.7;8.55455;8.85455;8.772730000000001;8.7;8.509089999999999;8.78182;8.772730000000001
622;2017-03-27;8.75455;8.71818;8.86364;8.79091;8.63636;8.64545;8.86364;8.7
623;2017-03-28;8.86364;8.7;8.88182;8.85455;8.727269999999999;8.7;8.8;8.78182
624;2017-03-29;8.80909;8.75455;8.9;8.86364;8.75455;8.63636;8.88182;8.86364
625;2017-03-30;8.909089999999999;8.86364;8.95455;8.88182;8.736360000000001;8.727269999999999;8.772730000000001;8.8
626;2017-03-31;8.75455;8.80909;8.8;8.9;8.63636;8.75455;8.63636;8.88182
627;2017-04-03;8.69091;8.909089999999999;8.736360000000001;8.95455;8.62727;8.736360000000001;8.70909;8.772730000000001
628;2017-04-04;8.70909;8.75455;8.83636;8.8;8.69091;8.63636;8.82727;8.63636
629;2017-04-05;8.82727;8.69091;8.86364;8.736360000000001;8.67273;8.62727;8.727269999999999;8.70909
630;2017-04-06;8.71818;8.70909;8.74545;8.83636;8.55455;8.69091;8.60909;8.82727
631;2017-04-07;8.62727;8.82727;8.763639999999999;8.86364;8.590910000000001;8.67273;8.65455;8.727269999999999
632;2017-04-10;8.7;8.71818;8.763639999999999;8.74545;8.6;8.55455;8.69091;8.60909
633;2017-04-11;8.727269999999999;8.62727;8.84545;8.763639999999999;8.60909;8.590910000000001;8.727269999999999;8.65455
634;2017-04-12;8.7;8.7;8.79091;8.763639999999999;8.64545;8.6;8.68182;8.69091
635;2017-04-13;8.65455;8.727269999999999;8.7;8.84545;8.45455;8.60909;8.46364;8.727269999999999
636;2017-04-17;8.490910000000001;8.7;8.727269999999999;8.79091;8.490910000000001;8.64545;8.69091;8.68182
637;2017-04-18;8.65455;8.65455;8.83636;8.7;8.62727;8.45455;8.763639999999999;8.46364
638;2017-04-19;8.8;8.490910000000001;8.81818;8.727269999999999;8.61818;8.490910000000001;8.61818;8.69091
639;2017-04-20;8.67273;8.65455;8.71818;8.83636;8.509089999999999;8.62727;8.54545;8.763639999999999
640;2017-04-24;8.68182;8.8;8.75455;8.81818;8.62727;8.61818;8.75455;8.61818
641;2017-04-25;8.69091;8.67273;8.78182;8.71818;8.65455;8.509089999999999;8.772730000000001;8.54545
642;2017-04-26;8.71818;8.68182;8.9;8.75455;8.71818;8.62727;8.74545;8.75455
643;2017-04-27;8.81818;8.69091;8.92727;8.78182;8.80909;8.65455;8.85455;8.772730000000001
644;2017-04-28;8.83636;8.71818;8.990910000000001;8.9;8.81818;8.71818;8.990910000000001;8.74545
645;2017-05-02;9.02727;8.81818;9.17273;8.92727;9.0;8.80909;9.16364;8.85455
646;2017-05-03;9.19091;8.83636;9.21818;8.990910000000001;9.02727;8.81818;9.07273;8.990910000000001
647;2017-05-04;9.08182;9.02727;9.11818;9.17273;8.81818;9.0;8.86364;9.16364
648;2017-05-05;8.89091;9.19091;9.10909;9.21818;8.87273;9.02727;9.10909;9.07273
649;2017-05-08;9.10909;9.08182;9.15455;9.11818;9.018180000000001;8.81818;9.090910000000001;8.86364
650;2017-05-09;9.12727;8.89091;9.14545;9.10909;9.05455;8.87273;9.11818;9.10909
651;2017-05-10;9.15455;9.10909;9.2;9.15455;9.10909;9.018180000000001;9.18182;9.090910000000001
652;2017-05-11;9.21818;9.12727;9.35455;9.14545;9.2;9.05455;9.33636;9.11818
653;2017-05-12;9.38182;9.15455;9.46364;9.2;9.33636;9.10909;9.36364;9.18182
654;2017-05-15;9.36364;9.21818;9.42727;9.35455;9.30909;9.2;9.36364;9.33636
655;2017-05-16;9.36364;9.38182;9.41818;9.46364;9.28182;9.33636;9.33636;9.36364
656;2017-05-17;9.31818;9.36364;9.34545;9.42727;9.08182;9.30909;9.15455;9.36364
657;2017-05-18;7.84545;9.36364;8.45455;9.41818;7.75455;9.28182;8.272730000000001;9.33636
658;2017-05-19;8.409089999999999;9.31818;8.590910000000001;9.34545;8.272730000000001;9.08182;8.32727;9.15455
659;2017-05-22;8.28182;7.84545;8.28182;8.45455;8.009089999999999;7.75455;8.090910000000001;8.272730000000001
660;2017-05-23;8.15455;8.409089999999999;8.3;8.590910000000001;8.13636;8.272730000000001;8.19091;8.32727
661;2017-05-24;8.30909;8.28182;8.39091;8.28182;8.19091;8.009089999999999;8.19091;8.090910000000001
662;2017-05-25;8.227269999999999;8.15455;8.29091;8.3;7.96364;8.13636;8.0;8.19091
663;2017-05-26;8.06364;8.30909;8.21818;8.39091;8.06364;8.19091;8.15455;8.19091
664;2017-05-29;8.15455;8.227269999999999;8.15455;8.29091;8.15455;7.96364;8.15455;8.0
665;2017-05-30;8.15455;8.06364;8.236360000000001;8.21818;8.15455;8.06364;8.20909;8.15455
666;2017-05-31;8.20909;8.15455;8.24545;8.15455;8.07273;8.15455;8.13636;8.15455
667;2017-06-01;8.17273;8.15455;8.2;8.236360000000001;7.9363600000000005;8.15455;7.95455;8.20909
668;2017-06-02;8.018180000000001;8.20909;8.05455;8.24545;7.9363600000000005;8.07273;8.0;8.13636
669;2017-06-05;7.95455;8.17273;8.07273;8.2;7.909089999999999;7.9363600000000005;7.96364;7.95455
670;2017-06-06;7.97273;8.018180000000001;8.12727;8.05455;7.97273;7.9363600000000005;8.07273;8.0
671;2017-06-07;8.15455;7.95455;8.263639999999999;8.07273;8.12727;7.909089999999999;8.20909;7.96364
672;2017-06-08;8.18182;7.97273;8.236360000000001;8.12727;8.090910000000001;7.97273;8.14545;8.07273
673;2017-06-09;8.19091;8.15455;8.236360000000001;8.263639999999999;8.0;8.12727;8.009089999999999;8.20909
674;2017-06-12;8.02727;8.18182;8.04545;8.236360000000001;7.872730000000001;8.090910000000001;8.009089999999999;8.14545
675;2017-06-13;8.03636;8.19091;8.090910000000001;8.236360000000001;8.009089999999999;8.0;8.06364;8.009089999999999
676;2017-06-14;8.10909;8.02727;8.227269999999999;8.04545;8.06364;7.872730000000001;8.14545;8.009089999999999
677;2017-06-15;8.14545;8.03636;8.14545;8.090910000000001;8.14545;8.009089999999999;8.14545;8.06364
678;2017-06-16;8.090910000000001;8.10909;8.21818;8.227269999999999;8.05455;8.06364;8.19091;8.14545
679;2017-06-19;8.18182;8.14545;8.263639999999999;8.14545;8.15455;8.14545;8.2;8.14545
680;2017-06-20;8.18182;8.090910000000001;8.18182;8.21818;7.9363600000000005;8.05455;7.99091;8.19091
681;2017-06-21;8.02727;8.18182;8.05455;8.263639999999999;7.91818;8.15455;7.94545;8.2
682;2017-06-22;7.98182;8.18182;8.0;8.18182;7.909089999999999;7.9363600000000005;7.96364;7.99091
683;2017-06-23;7.98182;8.02727;8.0;8.05455;7.881819999999999;7.91818;7.881819999999999;7.94545
684;2017-06-26;7.95455;7.98182;8.13636;8.0;7.91818;7.909089999999999;8.090910000000001;7.96364
685;2017-06-27;8.08182;7.98182;8.12727;8.0;7.9363600000000005;7.881819999999999;7.9363600000000005;7.881819999999999
686;2017-06-28;7.97273;7.95455;8.07273;8.13636;7.9363600000000005;7.91818;8.009089999999999;8.090910000000001
687;2017-06-29;8.05455;8.08182;8.13636;8.12727;7.98182;7.9363600000000005;8.11818;7.9363600000000005
688;2017-06-30;8.18182;7.97273;8.21818;8.07273;8.13636;7.9363600000000005;8.2;8.009089999999999
689;2017-07-03;8.21818;8.05455;8.236360000000001;8.13636;8.17273;7.98182;8.2;8.11818
690;2017-07-04;8.18182;8.18182;8.236360000000001;8.21818;8.18182;8.13636;8.19091;8.2
691;2017-07-05;8.20909;8.21818;8.31818;8.236360000000001;8.19091;8.17273;8.272730000000001;8.2
692;2017-07-06;8.28182;8.18182;8.3;8.236360000000001;8.12727;8.18182;8.16364;8.19091
693;2017-07-07;8.2;8.20909;8.236360000000001;8.31818;8.10909;8.19091;8.15455;8.272730000000001
694;2017-07-10;8.18182;8.28182;8.24545;8.3;8.16364;8.12727;8.227269999999999;8.16364
695;2017-07-11;8.227269999999999;8.2;8.34545;8.236360000000001;8.18182;8.10909;8.34545;8.15455
696;2017-07-12;8.38182;8.18182;8.409089999999999;8.24545;8.21818;8.16364;8.36364;8.227269999999999
697;2017-07-13;8.38182;8.227269999999999;8.43636;8.34545;8.34545;8.18182;8.39091;8.34545
698;2017-07-14;8.41818;8.38182;8.42727;8.409089999999999;8.30909;8.21818;8.37273;8.36364
699;2017-07-17;8.36364;8.38182;8.38182;8.43636;8.29091;8.34545;8.34545;8.39091
700;2017-07-18;8.32727;8.41818;8.41818;8.42727;8.3;8.30909;8.41818;8.37273
701;2017-07-19;8.43636;8.36364;8.45455;8.38182;8.3;8.29091;8.34545;8.34545
702;2017-07-20;8.34545;8.32727;8.409089999999999;8.41818;8.32727;8.3;8.38182;8.41818
703;2017-07-21;8.37273;8.43636;8.409089999999999;8.45455;8.34545;8.3;8.36364;8.34545
704;2017-07-24;8.409089999999999;8.34545;8.409089999999999;8.409089999999999;8.33636;8.32727;8.36364;8.38182
705;2017-07-25;8.39091;8.37273;8.481819999999999;8.409089999999999;8.37273;8.34545;8.43636;8.36364
706;2017-07-26;8.43636;8.409089999999999;8.481819999999999;8.409089999999999;8.32727;8.33636;8.33636;8.36364
707;2017-07-27;8.409089999999999;8.39091;8.42727;8.481819999999999;8.33636;8.37273;8.4;8.43636
708;2017-07-28;8.4;8.43636;8.41818;8.481819999999999;8.33636;8.32727;8.4;8.33636
709;2017-07-31;8.41818;8.409089999999999;8.45455;8.42727;8.36364;8.33636;8.409089999999999;8.4
710;2017-08-01;8.509089999999999;8.4;8.71818;8.41818;8.509089999999999;8.33636;8.68182;8.4
711;2017-08-02;8.67273;8.41818;8.84545;8.45455;8.64545;8.36364;8.78182;8.409089999999999
712;2017-08-03;8.78182;8.509089999999999;8.84545;8.71818;8.74545;8.509089999999999;8.763639999999999;8.68182
713;2017-08-04;8.78182;8.67273;8.81818;8.84545;8.69091;8.64545;8.736360000000001;8.78182
714;2017-08-07;8.772730000000001;8.78182;8.95455;8.84545;8.74545;8.74545;8.92727;8.763639999999999
715;2017-08-08;8.93636;8.78182;9.06364;8.81818;8.88182;8.69091;8.93636;8.736360000000001
716;2017-08-09;8.9;8.772730000000001;8.91818;8.95455;8.80909;8.74545;8.9;8.92727
717;2017-08-10;8.87273;8.93636;8.9;9.06364;8.74545;8.88182;8.83636;8.93636
718;2017-08-11;8.82727;8.9;8.909089999999999;8.91818;8.763639999999999;8.80909;8.88182;8.9
719;2017-08-14;8.909089999999999;8.87273;9.07273;8.9;8.87273;8.74545;9.009089999999999;8.83636
720;2017-08-15;9.018180000000001;8.82727;9.06364;8.909089999999999;8.981819999999999;8.763639999999999;8.981819999999999;8.88182
721;2017-08-16;9.009089999999999;8.909089999999999;9.06364;9.07273;8.88182;8.87273;8.990910000000001;9.009089999999999
722;2017-08-17;8.97273;9.018180000000001;8.981819999999999;9.06364;8.86364;8.981819999999999;8.91818;8.981819999999999
723;2017-08-18;8.92727;9.009089999999999;9.05455;9.06364;8.91818;8.88182;9.03636;8.990910000000001
724;2017-08-21;9.05455;8.97273;9.05455;8.981819999999999;8.95455;8.86364;9.02727;8.91818
725;2017-08-22;9.06364;8.92727;9.28182;9.05455;9.06364;8.91818;9.11818;9.03636
726;2017-08-23;9.16364;9.05455;9.30909;9.05455;9.11818;8.95455;9.30909;9.02727
727;2017-08-24;9.29091;9.06364;9.43636;9.28182;9.28182;9.06364;9.38182;9.11818
728;2017-08-25;9.44545;9.16364;9.45455;9.30909;9.28182;9.11818;9.36364;9.30909
729;2017-08-28;9.36364;9.29091;9.43636;9.43636;9.31818;9.28182;9.34545;9.38182
730;2017-08-29;9.30909;9.44545;9.47273;9.45455;9.25455;9.28182;9.41818;9.36364
731;2017-08-30;9.45455;9.36364;9.46364;9.43636;9.34545;9.31818;9.42727;9.34545
732;2017-08-31;9.44545;9.30909;9.46364;9.47273;9.19091;9.25455;9.272730000000001;9.41818
733;2017-09-01;9.34545;9.45455;9.53636;9.46364;9.30909;9.34545;9.43636;9.42727
734;2017-09-04;9.43636;9.44545;9.47273;9.46364;9.38182;9.19091;9.4;9.272730000000001
735;2017-09-05;9.509089999999999;9.34545;9.57273;9.53636;9.39091;9.30909;9.45455;9.43636
736;2017-09-06;9.518180000000001;9.43636;9.75455;9.47273;9.509089999999999;9.38182;9.71818;9.4
737;2017-09-07;9.71818;9.509089999999999;9.71818;9.57273;9.71818;9.39091;9.71818;9.45455
738;2017-09-08;9.65455;9.518180000000001;9.86364;9.75455;9.64545;9.509089999999999;9.74545;9.71818
739;2017-09-11;9.81818;9.71818;9.990910000000001;9.71818;9.79091;9.71818;9.87273;9.71818
740;2017-09-12;9.89091;9.65455;9.990910000000001;9.86364;9.84545;9.64545;9.91818;9.74545
741;2017-09-13;9.92727;9.81818;10.0091;9.990910000000001;9.84545;9.79091;9.94545;9.87273
742;2017-09-14;9.92727;9.89091;10.0364;9.990910000000001;9.89091;9.84545;9.981819999999999;9.91818
743;2017-09-15;9.97273;9.92727;10.2727;10.0091;9.93636;9.84545;10.2;9.94545
744;2017-09-18;10.1909;9.92727;10.2727;10.0364;10.1364;9.89091;10.2636;9.981819999999999
745;2017-09-19;10.2909;9.97273;10.3;10.2727;10.0727;9.93636;10.2273;10.2
746;2017-09-20;10.2364;10.1909;10.2545;10.2727;9.96364;10.1364;10.1273;10.2636
747;2017-09-21;10.1727;10.2909;10.2182;10.3;10.0636;10.0727;10.1364;10.2273
748;2017-09-22;10.1364;10.2364;10.1727;10.2545;10.0636;9.96364;10.1182;10.1273
749;2017-09-25;10.1;10.1727;10.1364;10.2182;9.94545;10.0636;10.0091;10.1364
750;2017-09-26;10.0273;10.1364;10.1364;10.1727;9.990910000000001;10.0636;10.0;10.1182
751;2017-09-27;10.0455;10.1;10.0909;10.1364;9.81818;9.94545;9.85455;10.0091
752;2017-09-28;9.87273;10.0273;9.909089999999999;10.1364;9.8;9.990910000000001;9.83636;10.0
753;2017-09-29;9.89091;10.0455;10.0636;10.0909;9.87273;9.81818;10.0273;9.85455
754;2017-10-02;10.0091;9.87273;10.0182;9.909089999999999;9.91818;9.8;9.96364;9.83636
755;2017-10-03;9.990910000000001;9.89091;10.3546;10.0636;9.97273;9.87273;10.3546;10.0273
756;2017-10-04;10.3636;10.0091;10.3636;10.0182;10.1636;9.91818;10.2818;9.96364
757;2017-10-05;10.3182;9.990910000000001;10.5182;10.3546;10.3182;9.97273;10.3455;10.3546
758;2017-10-06;10.3182;10.3636;10.3182;10.3636;10.2;10.1636;10.3;10.2818
759;2017-10-09;10.3091;10.3182;10.3091;10.5182;10.0909;10.3182;10.1454;10.3455
760;2017-10-10;10.2455;10.3182;10.3727;10.3182;10.2091;10.2;10.3546;10.3
761;2017-10-11;10.3182;10.3091;10.3818;10.3091;10.2455;10.0909;10.3273;10.1454
762;2017-10-12;10.3273;10.2455;10.3273;10.3727;10.3273;10.2091;10.3273;10.3546
763;2017-10-13;10.3636;10.3182;10.4182;10.3818;10.2182;10.2455;10.3182;10.3273
764;2017-10-16;10.3455;10.3273;10.3636;10.3273;10.1909;10.3273;10.2727;10.3273
765;2017-10-17;10.2727;10.3636;10.2727;10.4182;10.1454;10.2182;10.1545;10.3182
766;2017-10-18;10.1727;10.3455;10.2545;10.3636;10.1273;10.1909;10.2;10.2727
767;2017-10-19;10.1818;10.2727;10.1818;10.2727;10.0091;10.1454;10.1364;10.1545
768;2017-10-20;10.1636;10.1727;10.1909;10.2545;10.0818;10.1273;10.1364;10.2
769;2017-10-23;10.1364;10.1818;10.1454;10.1818;9.88182;10.0091;9.9;10.1364
770;2017-10-24;9.92727;10.1636;10.1182;10.1909;9.84545;10.0818;10.1182;10.1364
771;2017-10-25;10.1454;10.1364;10.2909;10.1454;10.0273;9.88182;10.2727;9.9
772;2017-10-26;10.2909;9.92727;10.3546;10.1182;10.0909;9.84545;10.1636;10.1182
773;2017-10-27;10.1727;10.1454;10.2636;10.2909;10.0909;10.0273;10.1364;10.2727
774;2017-10-30;10.1273;10.2909;10.1364;10.3546;9.763639999999999;10.0909;9.85455;10.1636
775;2017-10-31;9.91818;10.1727;9.96364;10.2636;9.52727;10.0909;9.52727;10.1364
776;2017-11-01;9.67273;10.1273;9.68182;10.1364;9.41818;9.763639999999999;9.45455;9.85455
777;2017-11-02;9.45455;9.91818;9.45455;9.96364;9.45455;9.52727;9.45455;9.52727
778;2017-11-03;9.52727;9.67273;9.61818;9.68182;9.409089999999999;9.41818;9.54545;9.45455
779;2017-11-06;9.62727;9.45455;9.67273;9.45455;9.54545;9.45455;9.57273;9.45455
780;2017-11-07;9.56364;9.52727;9.58182;9.61818;9.32727;9.409089999999999;9.36364;9.54545
781;2017-11-08;9.409089999999999;9.62727;9.75455;9.67273;9.409089999999999;9.54545;9.67273;9.57273
782;2017-11-09;9.68182;9.56364;9.68182;9.58182;9.46364;9.32727;9.518180000000001;9.36364
783;2017-11-10;9.52727;9.409089999999999;9.56364;9.75455;9.409089999999999;9.409089999999999;9.518180000000001;9.67273
784;2017-11-13;9.518180000000001;9.68182;9.518180000000001;9.68182;9.518180000000001;9.46364;9.518180000000001;9.518180000000001
785;2017-11-14;9.518180000000001;9.52727;9.67273;9.56364;9.34545;9.409089999999999;9.38182;9.518180000000001
786;2017-11-15;9.38182;9.518180000000001;9.38182;9.518180000000001;9.38182;9.518180000000001;9.38182;9.518180000000001
787;2017-11-16;9.37273;9.518180000000001;9.61818;9.67273;9.37273;9.34545;9.52727;9.38182
788;2017-11-17;9.54545;9.38182;9.7;9.38182;9.47273;9.38182;9.63636;9.38182
789;2017-11-20;9.63636;9.37273;9.63636;9.61818;9.63636;9.37273;9.63636;9.52727
790;2017-11-21;9.727269999999999;9.54545;9.92727;9.7;9.727269999999999;9.47273;9.78182;9.63636
791;2017-11-22;9.8;9.63636;9.84545;9.63636;9.68182;9.63636;9.75455;9.63636
792;2017-11-23;9.763639999999999;9.727269999999999;9.79091;9.92727;9.63636;9.727269999999999;9.74545;9.78182
793;2017-11-24;9.763639999999999;9.8;9.763639999999999;9.84545;9.65455;9.68182;9.65455;9.75455
794;2017-11-27;9.63636;9.763639999999999;9.80909;9.79091;9.55455;9.63636;9.80909;9.74545
795;2017-11-28;9.86364;9.763639999999999;9.909089999999999;9.763639999999999;9.75455;9.65455;9.772730000000001;9.65455
796;2017-11-29;9.8;9.63636;9.85455;9.80909;9.53636;9.55455;9.53636;9.80909
797;2017-11-30;9.509089999999999;9.86364;9.54545;9.909089999999999;9.33636;9.75455;9.43636;9.772730000000001
798;2017-12-01;9.35455;9.8;9.54545;9.85455;9.31818;9.53636;9.509089999999999;9.53636
799;2017-12-04;9.590910000000001;9.509089999999999;9.727269999999999;9.54545;9.509089999999999;9.33636;9.54545;9.43636
800;2017-12-05;9.54545;9.35455;9.75455;9.54545;9.41818;9.31818;9.5;9.509089999999999
801;2017-12-06;9.481819999999999;9.590910000000001;9.63636;9.727269999999999;9.34545;9.509089999999999;9.63636;9.54545
802;2017-12-07;9.481819999999999;9.54545;9.57273;9.75455;9.32727;9.41818;9.52727;9.5
803;2017-12-08;9.590910000000001;9.481819999999999;9.69091;9.63636;9.56364;9.34545;9.56364;9.63636
804;2017-12-11;9.61818;9.481819999999999;9.69091;9.57273;9.53636;9.32727;9.60909;9.52727
805;2017-12-12;9.57273;9.590910000000001;9.70909;9.69091;9.44545;9.56364;9.70909;9.56364
806;2017-12-13;9.75455;9.61818;9.78182;9.69091;9.490910000000001;9.53636;9.57273;9.60909
807;2017-12-14;9.55455;9.57273;9.55455;9.70909;9.409089999999999;9.44545;9.54545;9.70909
808;2017-12-15;9.518180000000001;9.75455;9.63636;9.78182;9.5;9.490910000000001;9.590910000000001;9.57273
809;2017-12-18;9.63636;9.55455;9.70909;9.55455;9.54545;9.409089999999999;9.54545;9.54545
810;2017-12-19;9.54545;9.518180000000001;9.55455;9.63636;9.41818;9.5;9.45455;9.590910000000001
811;2017-12-20;9.54545;9.63636;9.6;9.70909;9.509089999999999;9.54545;9.6;9.54545
812;2017-12-21;9.61818;9.54545;9.95455;9.55455;9.590910000000001;9.41818;9.95455;9.45455
813;2017-12-22;9.909089999999999;9.54545;9.97273;9.6;9.84545;9.509089999999999;9.96364;9.6
814;2017-12-25;9.96364;9.61818;9.96364;9.95455;9.96364;9.590910000000001;9.96364;9.95455
815;2017-12-26;9.88182;9.909089999999999;9.95455;9.97273;9.83636;9.84545;9.85455;9.96364
816;2017-12-27;9.89091;9.96364;9.95455;9.96364;9.8;9.96364;9.82727;9.96364
817;2017-12-28;9.84545;9.88182;9.89091;9.95455;9.8;9.83636;9.83636;9.85455
818;2017-12-29;9.83636;9.89091;9.83636;9.95455;9.83636;9.8;9.83636;9.82727
819;2018-01-02;9.88182;9.84545;10.0273;9.89091;9.86364;9.8;10.0273;9.83636
820;2018-01-03;9.981819999999999;9.83636;10.1818;9.83636;9.94545;9.83636;10.1454;9.83636
821;2018-01-04;10.1727;9.88182;10.3636;10.0273;10.1545;9.86364;10.3364;10.0273
822;2018-01-05;10.3364;9.981819999999999;10.3546;10.1818;10.2273;9.94545;10.3546;10.1454
823;2018-01-08;10.3;10.1727;10.3455;10.3636;10.2545;10.1545;10.3455;10.3364
824;2018-01-09;10.3546;10.3364;10.3546;10.3546;10.1727;10.2273;10.1818;10.3546
825;2018-01-10;10.1636;10.3;10.2182;10.3455;10.0727;10.2545;10.1818;10.3455
826;2018-01-11;10.2182;10.3546;10.3546;10.3546;10.1727;10.1727;10.3455;10.1818
827;2018-01-12;10.2909;10.1636;10.3727;10.2182;10.2727;10.0727;10.3727;10.1818
828;2018-01-15;10.3818;10.2182;10.5;10.3546;10.3818;10.1727;10.5;10.3455
829;2018-01-16;10.4818;10.2909;10.6727;10.3727;10.4545;10.2727;10.6364;10.3727
830;2018-01-17;10.5909;10.3818;10.8546;10.5;10.5636;10.3818;10.8;10.5
831;2018-01-18;10.7818;10.4818;10.9273;10.6727;10.7727;10.4545;10.8546;10.6364
832;2018-01-19;10.8818;10.5909;10.9636;10.8546;10.8091;10.5636;10.8909;10.8
833;2018-01-22;10.8727;10.7818;11.1636;10.9273;10.8727;10.7727;11.1636;10.8546
834;2018-01-23;11.1364;10.8818;11.2182;10.9636;11.0182;10.8091;11.0182;10.8909
835;2018-01-24;11.1273;10.8727;11.7364;11.1636;11.1273;10.8727;11.7364;11.1636
836;2018-01-25;11.7364;11.1364;11.7364;11.2182;11.7364;11.0182;11.7364;11.0182
837;2018-01-26;11.8727;11.1273;12.2909;11.7364;11.8273;11.1273;12.2273;11.7364
838;2018-01-29;12.1636;11.7364;12.2091;11.7364;11.8818;11.7364;11.9091;11.7364
839;2018-01-30;11.8818;11.8727;11.9818;12.2909;11.6818;11.8273;11.9818;12.2273
840;2018-01-31;12.0455;12.1636;12.2545;12.2091;12.0;11.8818;12.0455;11.9091
841;2018-02-01;12.0455;11.8818;12.1727;11.9818;11.8818;11.6818;12.0091;11.9818
842;2018-02-02;11.8364;12.0455;11.9364;12.2545;11.7091;12.0;11.8182;12.0455
843;2018-02-05;11.7182;12.0455;11.8727;12.1727;11.4545;11.8818;11.4545;12.0091
844;2018-02-06;11.3818;11.8364;11.9545;11.9364;11.3273;11.7091;11.9;11.8182
845;2018-02-07;11.9;11.7182;11.9182;11.8727;11.6;11.4545;11.6545;11.4545
846;2018-02-08;11.7;11.3818;11.8455;11.9545;11.4909;11.3273;11.5455;11.9
847;2018-02-09;11.5364;11.9;11.7;11.9182;11.3;11.6;11.5273;11.6545
848;2018-02-14;11.6454;11.7;12.0091;11.8455;11.6454;11.4909;11.9;11.5455
849;2018-02-15;11.9909;11.5364;12.0909;11.7;11.8818;11.3;11.9;11.5273
850;2018-02-16;11.9454;11.6454;12.1818;12.0091;11.8818;11.6454;12.1818;11.9
851;2018-02-19;12.1909;11.9909;12.2727;12.0909;12.0727;11.8818;12.1545;11.9
852;2018-02-20;12.4273;11.9454;12.7091;12.1818;12.3182;11.8818;12.6454;12.1818
853;2018-02-21;12.7273;12.1909;13.1091;12.2727;12.7273;12.0727;12.8636;12.1545
854;2018-02-22;12.8727;12.4273;13.1182;12.7091;12.8727;12.3182;13.0727;12.6454
855;2018-02-23;12.4818;12.7273;12.4909;13.1091;12.1364;12.7273;12.3909;12.8636
856;2018-02-26;12.4454;12.8727;12.4818;13.1182;12.3;12.8727;12.4091;13.0727
857;2018-02-27;12.4;12.4818;12.4;12.4909;12.1545;12.1364;12.2455;12.3909
858;2018-02-28;12.2455;12.4454;12.2455;12.4818;11.9273;12.3;11.9273;12.4091
859;2018-03-01;11.9727;12.4;12.1545;12.4;11.9364;12.1545;12.1182;12.2455
860;2018-03-02;12.0636;12.2455;12.2182;12.2455;11.9;11.9273;12.2182;11.9273
861;2018-03-05;12.2182;11.9727;12.5455;12.1545;12.1909;11.9364;12.5455;12.1182
862;2018-03-06;12.6454;12.0636;12.7182;12.2182;12.4909;11.9;12.4909;12.2182
863;2018-03-07;12.4818;12.2182;12.4909;12.5455;12.2909;12.1909;12.4545;12.5455
864;2018-03-08;12.5182;12.6454;12.5364;12.7182;12.2818;12.4909;12.3727;12.4909
865;2018-03-09;12.4;12.4818;12.5818;12.4909;12.3909;12.2909;12.4818;12.4545
866;2018-03-12;12.5182;12.5182;12.6182;12.5364;12.4545;12.2818;12.6;12.3727
867;2018-03-13;12.6182;12.4;12.6273;12.5818;12.4364;12.3909;12.5182;12.4818
868;2018-03-14;12.5364;12.5182;12.5727;12.6182;12.3273;12.4545;12.3909;12.6
869;2018-03-15;12.2727;12.6182;12.4091;12.6273;12.2091;12.4364;12.3364;12.5182
870;2018-03-16;12.3364;12.5364;12.4636;12.5727;12.2182;12.3273;12.2182;12.3909
871;2018-03-19;12.1818;12.2727;12.2182;12.4091;11.9818;12.2091;12.0909;12.3364
872;2018-03-20;12.1364;12.3364;12.1636;12.4636;11.9909;12.2182;12.0909;12.2182
873;2018-03-21;12.1;12.1818;12.1545;12.2182;12.0091;11.9818;12.1091;12.0909
874;2018-03-22;12.1182;12.1364;12.2091;12.1636;11.9545;11.9909;12.0636;12.0909
875;2018-03-23;12.0091;12.1;12.3455;12.1545;12.0;12.0091;12.1;12.1091
876;2018-03-26;12.2;12.1182;12.3091;12.2091;12.1727;11.9545;12.3;12.0636
877;2018-03-27;12.3273;12.0091;12.3818;12.3455;12.0909;12.0;12.1727;12.1
878;2018-03-28;12.0909;12.2;12.3182;12.3091;12.0636;12.1727;12.3182;12.3
879;2018-03-29;12.3455;12.3273;12.6727;12.3818;12.3455;12.0909;12.5364;12.1727
880;2018-04-02;12.5455;12.0909;12.6545;12.3182;12.3273;12.0636;12.4636;12.3182
881;2018-04-03;12.5091;12.3455;12.5727;12.6727;12.3;12.3455;12.4;12.5364
882;2018-04-04;12.2273;12.5455;12.4545;12.6545;12.1273;12.3273;12.4091;12.4636
883;2018-04-05;12.6091;12.5091;12.6909;12.5727;12.3546;12.3;12.3727;12.4
884;2018-04-06;12.4091;12.2273;12.4182;12.4545;12.1364;12.1273;12.2727;12.4091
885;2018-04-09;12.3182;12.6091;12.3182;12.6909;12.0;12.3546;12.0273;12.3727
886;2018-04-10;12.1182;12.4091;12.1727;12.4182;11.9636;12.1364;12.0818;12.2727
887;2018-04-11;12.0727;12.3182;12.2;12.3182;12.0546;12.0;12.0727;12.0273
888;2018-04-12;12.1364;12.1182;12.2636;12.1727;12.1;11.9636;12.2636;12.0818
889;2018-04-13;12.2273;12.0727;12.2455;12.2;11.9727;12.0546;12.0;12.0727
890;2018-04-16;12.0182;12.1364;12.0636;12.2636;11.7182;12.1;11.7818;12.2636
891;2018-04-17;11.8;12.2273;12.0273;12.2455;11.7455;11.9727;12.0;12.0
892;2018-04-18;12.0909;12.0182;12.3273;12.0636;12.0909;11.7182;12.2364;11.7818
893;2018-04-19;12.2636;11.8;12.2636;12.0273;11.9727;11.7455;12.0455;12.0
894;2018-04-20;12.0455;12.0909;12.0546;12.3273;11.8455;12.0909;11.9454;12.2364
895;2018-04-23;11.9091;12.2636;11.9909;12.2636;11.8;11.9727;11.9909;12.0455
896;2018-04-24;12.0455;12.0455;12.1182;12.0546;11.9273;11.8455;11.9636;11.9454
897;2018-04-25;11.8909;11.9091;12.0455;11.9909;11.8364;11.8;12.0364;11.9909
898;2018-04-26;12.0727;12.0455;12.4273;12.1182;12.0546;11.9273;12.4273;11.9636
899;2018-04-27;12.4545;11.8909;12.4909;12.0455;12.1727;11.8364;12.4454;12.0364
900;2018-04-30;12.4636;12.0727;12.5091;12.4273;12.3;12.0546;12.3727;12.4273
901;2018-05-02;12.2909;12.4545;12.2909;12.4909;11.5909;12.1727;11.6364;12.4454
902;2018-05-03;11.6818;12.4636;11.7636;12.5091;11.3;12.3;11.3182;12.3727
903;2018-05-04;11.3091;12.2909;11.3636;12.2909;11.1364;11.5909;11.1364;11.6364
904;2018-05-07;11.1909;11.6818;11.2364;11.7636;11.1;11.3;11.1545;11.3182
905;2018-05-08;11.2;11.3091;11.2545;11.3636;11.0364;11.1364;11.1818;11.1364
906;2018-05-09;11.2545;11.1909;11.3;11.2364;11.0909;11.1;11.2091;11.1545
907;2018-05-10;11.2818;11.2;11.5909;11.2545;11.2818;11.0364;11.5818;11.1818
908;2018-05-11;11.5273;11.2545;11.6182;11.3;11.3;11.0909;11.4;11.2091
909;2018-05-14;11.4273;11.2818;11.4636;11.5909;11.1;11.2818;11.2364;11.5818
910;2018-05-15;11.0546;11.5273;11.2455;11.6182;10.8818;11.3;11.0818;11.4
911;2018-05-16;11.0636;11.4273;11.2545;11.4636;11.0273;11.1;11.1909;11.2364
912;2018-05-17;11.1;11.0546;11.1091;11.2455;10.6545;10.8818;10.7;11.0818
913;2018-05-18;10.5636;11.0636;10.5909;11.2545;10.2818;11.0273;10.5455;11.1909
914;2018-05-21;10.7545;11.1;10.7909;11.1091;10.3909;10.6545;10.4818;10.7
915;2018-05-22;10.5909;10.5636;11.0455;10.5909;10.5182;10.2818;10.9364;10.5455
916;2018-05-23;10.7727;10.7545;10.8909;10.7909;10.6454;10.3909;10.6818;10.4818
917;2018-05-24;10.5455;10.5909;10.8636;11.0455;10.4818;10.5182;10.8546;10.9364
918;2018-05-25;10.9364;10.7727;10.9727;10.8909;10.6182;10.6454;10.7;10.6818
919;2018-05-28;10.5364;10.5455;10.5364;10.8636;10.1818;10.4818;10.2545;10.8546
920;2018-05-29;10.3364;10.9364;10.4545;10.9727;10.1182;10.6182;10.1818;10.7
921;2018-05-30;10.1909;10.5364;10.2818;10.5364;10.0636;10.1818;10.2091;10.2545
922;2018-06-01;10.5;10.3364;10.53;10.4545;10.02;10.1182;10.35;10.1818
923;2018-06-04;10.44;10.1909;10.68;10.2818;10.41;10.0636;10.68;10.2091
924;2018-06-05;10.6;10.5;10.65;10.53;10.1;10.02;10.15;10.35
925;2018-06-06;10.12;10.44;10.13;10.68;9.84;10.41;10.01;10.68
926;2018-06-07;9.8;10.6;9.88;10.65;9.06;10.1;9.4;10.15
927;2018-06-08;9.45;10.12;9.57;10.13;9.15;9.84;9.42;10.01
928;2018-06-11;9.49;9.8;9.53;9.88;9.09;9.06;9.2;9.4
929;2018-06-12;9.18;9.45;9.32;9.57;9.06;9.15;9.19;9.42
930;2018-06-13;9.2;9.49;9.26;9.53;8.94;9.09;9.12;9.2
931;2018-06-14;9.2;9.18;9.21;9.32;8.81;9.06;8.82;9.19
932;2018-06-15;8.85;9.2;8.94;9.26;8.68;8.94;8.91;9.12
933;2018-06-18;8.85;9.2;8.85;9.21;8.58;8.81;8.61;8.82
934;2018-06-19;8.57;8.85;9.18;8.94;8.51;8.68;8.99;8.91
935;2018-06-20;9.14;8.85;9.27;8.85;8.93;8.58;9.18;8.61
936;2018-06-21;9.11;8.57;9.24;9.18;8.9;8.51;8.91;8.99
937;2018-06-22;8.99;9.14;9.08;9.27;8.86;8.93;8.98;9.18
938;2018-06-25;9.06;9.11;9.1;9.24;8.86;8.9;8.94;8.91
939;2018-06-26;9.01;8.99;9.1;9.08;8.9;8.86;9.09;8.98
940;2018-06-27;9.1;9.06;9.16;9.1;8.78;8.86;8.82;8.94
941;2018-06-28;8.91;9.01;9.13;9.1;8.88;8.9;9.04;9.09
942;2018-06-29;9.15;9.1;9.3;9.16;9.12;8.78;9.18;8.82
943;2018-07-02;9.16;8.91;9.29;9.13;9.13;8.88;9.28;9.04
944;2018-07-03;9.41;9.15;9.67;9.3;9.35;9.12;9.59;9.18
945;2018-07-04;9.68;9.16;9.77;9.29;9.5;9.13;9.68;9.28
946;2018-07-05;9.76;9.41;9.78;9.67;9.53;9.35;9.7;9.59
947;2018-07-06;9.7;9.68;9.82;9.77;9.62;9.5;9.72;9.68
948;2018-07-09;9.72;9.76;9.72;9.78;9.72;9.53;9.72;9.7
949;2018-07-10;9.81;9.7;9.89;9.82;9.56;9.62;9.74;9.72
950;2018-07-11;9.67;9.72;9.81;9.72;9.62;9.72;9.77;9.72
951;2018-07-12;9.8;9.81;9.97;9.89;9.8;9.56;9.91;9.74
952;2018-07-13;9.94;9.67;10.14;9.81;9.86;9.62;10.13;9.77
953;2018-07-16;10.11;9.8;10.24;9.97;10.03;9.8;10.19;9.91
954;2018-07-17;10.18;9.94;10.49;10.14;10.04;9.86;10.39;10.13
955;2018-07-18;10.4;10.11;10.49;10.24;10.32;10.03;10.38;10.19
956;2018-07-19;10.3;10.18;10.53;10.49;10.11;10.04;10.53;10.39
957;2018-07-20;10.86;10.4;10.94;10.49;10.74;10.32;10.87;10.38
958;2018-07-23;10.81;10.3;10.84;10.53;10.54;10.11;10.6;10.53
959;2018-07-24;10.75;10.86;10.78;10.94;10.59;10.74;10.62;10.87
960;2018-07-25;10.68;10.81;11.05;10.84;10.68;10.54;10.96;10.6
961;2018-07-26;11.05;10.75;11.05;10.78;10.74;10.59;10.77;10.62
962;2018-07-27;10.81;10.68;10.92;11.05;10.68;10.68;10.74;10.96
963;2018-07-30;10.81;11.05;10.93;11.05;10.75;10.74;10.85;10.77
964;2018-07-31;10.66;10.81;10.68;10.92;10.37;10.68;10.42;10.74
965;2018-08-01;10.45;10.81;10.67;10.93;10.41;10.75;10.65;10.85
966;2018-08-02;10.57;10.66;10.77;10.68;10.5;10.37;10.71;10.42
967;2018-08-03;10.78;10.45;11.04;10.67;10.77;10.41;11.03;10.65
968;2018-08-06;11.05;10.57;11.05;10.77;10.84;10.5;10.87;10.71
969;2018-08-07;10.91;10.78;10.96;11.04;10.62;10.77;10.85;11.03
970;2018-08-08;10.9;11.05;11.0;11.05;10.6;10.84;10.62;10.87
971;2018-08-09;10.63;10.91;10.73;10.96;10.41;10.62;10.41;10.85
972;2018-08-10;10.32;10.9;10.32;11.0;9.86;10.6;10.01;10.62
973;2018-08-13;9.9;10.63;10.09;10.73;9.74;10.41;9.96;10.41
974;2018-08-14;10.1;10.32;10.24;10.32;10.01;9.86;10.2;10.01
975;2018-08-15;10.06;9.9;10.19;10.09;10.01;9.74;10.18;9.96
976;2018-08-16;10.22;10.1;10.24;10.24;10.04;10.01;10.08;10.2
977;2018-08-17;10.02;10.06;10.08;10.19;9.91;10.01;9.95;10.18
978;2018-08-20;9.8;10.22;9.86;10.24;9.68;10.04;9.72;10.08
979;2018-08-21;9.7;10.02;9.72;10.08;9.39;9.91;9.5;9.95
980;2018-08-22;9.43;9.8;9.74;9.86;9.37;9.68;9.71;9.72
981;2018-08-23;9.72;9.7;9.76;9.72;9.34;9.39;9.45;9.5
982;2018-08-24;9.56;9.43;9.62;9.74;9.41;9.37;9.49;9.71
983;2018-08-27;9.53;9.72;9.77;9.76;9.53;9.34;9.76;9.45
984;2018-08-28;9.79;9.56;9.81;9.62;9.53;9.41;9.6;9.49
985;2018-08-29;9.61;9.53;9.87;9.77;9.6;9.53;9.87;9.76
986;2018-08-30;9.76;9.79;9.79;9.81;9.42;9.53;9.43;9.6
987;2018-08-31;9.49;9.61;9.6;9.87;9.39;9.6;9.59;9.87
988;2018-09-03;9.49;9.76;9.5;9.79;9.47;9.42;9.47;9.43
989;2018-09-04;9.5;9.49;9.54;9.6;9.3;9.39;9.36;9.59
990;2018-09-05;9.3;9.49;9.45;9.5;9.23;9.47;9.36;9.47
991;2018-09-06;9.44;9.5;9.74;9.54;9.3;9.3;9.7;9.36
992;2018-09-10;9.75;9.3;9.82;9.45;9.59;9.23;9.69;9.36
993;2018-09-11;9.52;9.44;9.52;9.74;9.29;9.3;9.29;9.7
994;2018-09-12;9.4;9.75;9.48;9.82;9.33;9.59;9.35;9.69
995;2018-09-13;9.42;9.52;9.45;9.52;9.28;9.29;9.41;9.29
996;2018-09-14;9.41;9.4;9.64;9.48;9.37;9.33;9.63;9.35
997;2018-09-17;9.55;9.42;9.79;9.45;9.53;9.28;9.78;9.41
998;2018-09-18;9.77;9.41;9.99;9.64;9.74;9.37;9.91;9.63
